사적지관리번호,name_kor,사적지명(영문),사적지명(일문),사적지명(중문),등급,종류,대륙,국가,지역,문헌상주소,addr_kor,지역주소,lat,long,means,expl_kor,설명(영문),설명(일문),설문(중문),관계자료,공개여부,인물,단체,사건,연간관람객,예산현황,대표이미지,대표이미지실제파일
CN00182,북경대학 터,없음,없음,없음,2,장소,아시아,중국,베이징,없음,북경대학 1원: 베이징시 동성구 오사대가 29호 /    제2원: 베이징시ㅣ 동성구 사탄후가 55-1,북경대학 제1원: 北京市 ○城○ 五四大街 29○ 北京新文化○○○念○ / 북경대학 제2원: 北京市 ○城○ 沙○后街 55-1 原和嘉公主府大殿 일대,39.9242743,116.4067429,"이육사(李陸史; 李元祿) 등 다수의 독립운동가들이 대학교육을 받았고, 활동했던 북경대학 옛 건물","북경대학(北京大學)은 1898년 12월 경사대학당(京師大學堂)으로 출발하였다. 1912년 채원배(蔡元培)가 교육총장에 임명된 이후 명칭을 북경대학으로 바꾸고 교육개혁을 단행하였다. 그 결과로 진보적 지식인층인 진독수(陳獨秀)·이대교(李大釗)·노신(魯迅)·호적(胡適) 등이 교수로 초빙되었다. 이들이 대학에 참여하면서 북경대학은 신문화운동의 중심이 되었으며 1919년 5·4운동에도 큰 영향을 주었다. 한인들에게 북경대학은 일제의 교육에서 벗어나 자유롭게 공부할 수 있는 곳이었다. 1919년 3·1운동과 중국의 5·4운동을 계기로 꾸준히 증가하여 1930년대까지 포함하여 수백 명에 이르렀다. 동경(東京)유학보다 학비가 저렴하였으나 국내에서 학비를 조달할 수 있는 학생보다 스스로 벌어 고생하며 공부하는 고학생이 많았다. 유학생들은 하나의 방에 여러 명이 생활하거나, 중국인이 운영하는 공우(公寓, 하숙 아파트)에 거주하면서 장기간 숙박비를 내지 못하는 경우가 많았다. 생활비 마련에 있어서도 북경은 인건비가 낮은 중국 노동자가 많고, 유학생들은 중국어가 서툴러 일자리를 구하기가 어려웠다. 어려운 여건 속에서도 유학생들은 학교 내에서 독립운동에 관심을 두었다. 독립선언기념일·국치일·개천절 등의 기념일마다 집회와 강연회를 개최하여 민족의식을 고취시켰다. 1925년 3월 1일 북경고려유학생회와 북경한교동지회는 함께 북경대학 제2원 13호 교실에서 독립선언기념식을 열었다. 신문과 잡지를 발행하여 신학문과 시국에 관한 글들을 실었다. 발간물은 대부분 자필로 쓴 후 북경대 석판부에 위탁하여 인쇄되었다. 1923년 4월 북경조선인유학생회가 발행한 『넋』·『새조선』, 1924년 2월1일 양명(梁明) 등이 조직한 신광사新光社에서 발행한 잡지 『신광(新光)』, 1925년 3월 1일 북경한교동지회의 『앞잡이』, 북경고려유학생회의 『해외순보』 등의 발행주소는 북경대학 제1원이었다. 북경대 유학생 가운데 잘 알려진 독립운동가는 이대위(李大偉)·장자일(張子一)·이윤재(李允宰)·이육사(李陸史) 등이다. 이대위는 선천(宣川)의 신성중학(信聖中學) 졸업 후 북경 재정대학(財政學校)에서 2년 정도 수학한 후, 1916년부터 북경대 정치학과에 입학하였다. 장자일도 신성중학을 졸업 후 1917년 무렵 북경대 문과에 입학하였다. 두 사람은 북경조선유학생회의 주요한 역할을 하였다. 이윤재는 1918년 가을 북경대 사학과에 입학하여 수학하였다. 졸업 후 귀국하여 교편을 잡았으며, 조선어편찬위원회 위원을 역임하고, 진단학회 창립에 참여하였다. 이육사는 1930년 북경대학에 입학하여 사회학을 공부하면서 『중외일보』, 『조광』 등에 시문을 발표하였으며, 이후 적극적으로 독립운동에 나섰다. 유학생 이외에도 류자명(柳子明)·이을규(李乙奎)·이정규(李丁奎)·정화암(鄭華岩) 등의 한인 아나키스트들은 북경대학의 채원배·오치휘吳稚暉·이석증李石曾과 개인적인 친분을 맺고 있었다. 특히 북경대 교수인 러시아 시인 에로셍코(Eroshenko)의 사상과 강의는 아나키스트들에게 큰 자극이 되었다. 1952년 연경대학과 합병하여 해전구로 이전하기 전까지 북경대학이 있었던 곳으로, 현재는 북경신문화운동기념관, 북경문물출판사로 사용되고 있다. 북경대학 제1원과 신규 발굴된 제2원을 연계하여 위치를 비정하였다. 북경대학 제2원 외부 호동(胡同)을 ‘대학당내도(大學堂來道)’라고 부르기도 했으며, 이는 지리적으로 김산이 거주했던 삼안정호동(三眼井胡同)과 연결되어 있다.",없음,없음,없음,"○ 전택부, 『한국기독교청년운동사』, 범우사, 1994. ○ 문화관광부·독립기념관·한국근현대사학회, 『국외독립운동유적(지) 실태조사보고서』 Ⅰ, 2002. ○ 왕원주, 「북경대학과 한국독립운동」, 『동양학』 54, 단국대학교 동앙학연구원, 2013. ○ 이재령, 「일제강점기 재중한인유학생(在中韓人留學生)의 근대 학문·사상의 수용 - 북경(北京)지역을 중심으로 - 」, 『역사학연구』 67, 2017.",Y,"신채호,",없음,없음,0,0,20200304140353_b6ce81c2a0fbe8dda308b88d235fb611.jpg,북경대학 제1원 (2).jpg
CN00183,베이징 김산 거주지 (납복호동/삼안정호동),없음,없음,없음,2,건물,아시아,중국,베이징,없음,납복호동: 베이징시 동성구 납복호동 4호 일대 / 삼안정호동: 베이징시 동성구 경산동가 삼안정호동 26호 일대,납복호동 北京市 ○城○ ○福胡同 4○ 일대  /  삼안정호동 北京市 ○城○ 景山○街 三眼井胡同 26○ 일대,39.9278837,116.3993792,1930년 11월과 1934년 경 북경에서 김산이 거주했던 곳,"김산(金山, 본명 張志樂)은 사회주의자로 활동한 독립운동가이다. 1921년 베이징의 협화의학원(協和醫學院)에서 의학을 공부하던 중, 사회주의 사상을 접하였다. 김성숙(金星淑) 등과 함께 공산청년동맹(共産靑年同盟)에 가입하고 잡지 『혁명(革命)』을 간행하였으며 고려공산당 베이징지부 설립에 참가했다. 김산은 중국 광저우(光州)로 활동지를 옮겨 활동하다가 1925년 7월 중국공산당에 들어갔다. 1926년부터 조선혁명청년동맹에서 중앙위원을 맡았으며 기관지 『혁명행동(革命行動)』의 부주필로 활동하였다. 1929년 중국공산당의 지시로 다시 베이징으로 이동하여 북경시위원회 조직부장으로 활동하였다. 이 시기 대독립당조직북경촉성회(大獨立黨組織北京促成會)에 가입하여 민족유일당운동에도 참가하였으며, 만주지역에서 조선공산당 세부조직을 중국공산당에 가입시키는 임무를 맡기도 하였다. 납복호동은 김산이 만주에서 베이징으로 돌아온 뒤 거주한 곳 중의 하나이다. 그는 국민당과 일제의 감시를 피하기 위해 여관이나 셋방으로 거주지를 옮겨다녔다. 1930년 11월 경에는 납복호동 4호 천흥공반점(天興公飯店) 뒤의 셋방에 머무르고 있었다. 이 시기에 그는 중국 공안에게 붙잡혔다. 11월 20일 베이징 서성(西城)의 공과대학과 붙어있는공우(公寓, 아파트)에서 열리는 공산주의 비밀집회에 참석하러 가는 길에 붙잡힌 것이었다. 김산의 사진 가운데 잘 알려진 톈진(天津) 주재 일본영사관에서 찍은 사진은 이 일로 국내에 송환되는 과정에서 촬영된 것이었다. 납복호동 부근인 삼안정호동에도 김산의 거주지가 있다. 1930년 11월 피체 후 국내로 송환되어 조사를 받고 석방된 후에 베이징에서 거주하던 곳이다. 그는 1931년 4월 증거불충분으로 석방된 이후 다시 6월 베이징으로 돌아왔다. 그러나 국내까지 송환된 상황에서 너무 빨리 돌아왔기에 변절자로 의심을 받아 공산당으로부터 제명을 당하였다. 그렇지만 그는 결백을 주장하고 복당을 요구하였다. 억울한 심정을 참으며 번역 및 잡지글 기고에 매진하였는데 이때 거주한 곳이 경산동가 삼안정호동 26번지 셋방이었다. 또한 이곳은 아내인 조아평(趙亞平)과 살림을 꾸린 곳이다. 삼안정호동은 경산공원 맞은 편이자 북경대학 뒤쪽에 위치하여 교수들이 집단으로 거주하였다고 전해진다. 현재 도시개발로 인해 김산 거주지인 삼안정호동 26호는 정확하게 알 수 없어 현재 26호와 89호를 추정하고 있다. 김산의 또 다른 거주지인 납복호동은 원형이 남아있다. 바로 옆에는 숭축사라는 사찰이 남아있으며 현재 실크로드 국제총상회 베이징대표처 건물로 이용되고 있다.",없음,없음,없음,"○ 님웨일즈, 『아리랑』, 동녘, 1998. ○ 문화관광부·독립기념관·한국근현대사학회, 『국외독립운동유적(지) 실태조사보고서』 Ⅰ, 2002. ○ 이원규, 『김산평전』, 실천문학, 2006.",Y,"김산,",없음,없음,0,0,20200304140309_c507edc0eecf1de964c3a261d6fa92dc.jpg,북경 김산 거주지(납북호동) (1).jpg
CN00184,베이징 이회영 거주지 터 (후고루원),없음,없음,없음,2,장소,아시아,중국,베이징,북경시 동성구 고루동대가 후고루원호동 소경창,북경시 동성구 고루동대가 후고루원호동 일대,北京市 ○城○ 鼓○○大街 后鼓○苑胡同 일대,39.9408447,116.3997826,1919~1921년경 이회영이 거주했던 곳,"이회영은 1919년 2월 9일 이규룡(李圭龍)을 데리고 가족들 보다 먼저 서울에서 베이징(北京)으로 떠났다. 베이징에서 동생 이시영(李始榮)과 이동녕(李東寧)·이광(李光)·조성환(曺成煥) 등을 만났으며 이들과 함께 상하이(上海)로 이동하여 대한민국 임시정부 수립에 참여하였다. 그러나 본인이 추구한 독립운동기관의 모습이 아님을 알고 5월경 베이징으로 돌아왔다. 한편, 1919년 3월 장남 이규학(李圭鶴)과 조계진(趙季珍) 부부, 이규숙(李圭淑)·이규창(李圭昌) 남매 등 이회영의 가족들은 비밀리에 베이징에 안착하였다. 당시 이광의 부인이 먼저 도착해 있었고 이시영의 아들 이규룡이 베이징 합달문(哈達門, 현재 崇文門) 밖의 셋집을 구하였다. 이곳으로 국내외에서 손님들이 자주 찾아오자 이회영 가족들은 새로이 이사하게 되었는데 그곳이 바로 후고루원(後鼓○苑)이었다. 후고루원 집에 대한 기록은 아들 이규창의 회고를 참고할 필요가 있다. 이규창은 후고루원에서 햇수로 세 해(1919~1921로 추정)를 살았다고 하였다. 이규봉의 소개로 집안 살림을 도울 중국인 노부인을 두게 되었다. 조계진과 이규룡(李圭鳳)의 소실인 송동집, 이관식 부부 등이 함께 거주하였다. 상하이에서 이회영과 같이 대한민국임시정부 수립에 참여했던 이동녕·조완구·이광·조성환 등과 민족시인 심훈(沈熏) 등이 머물렀다. 1921년 2월에는 군사통일회의에 참석하기 위해 베이징에 방문한 이상룡(李相龍)이이곳에 묵었으며, 7월에는 유석현(劉錫鉉)·홍남표(洪南杓)·어수갑(魚秀甲)이 이회영을 찾아왔다. 이러한 내용으로 미루어보면, 후고루원에는 1921년 7월까지는 거주하고 있었음을 짐작해 볼 수 있다. 당시 국내외 독립운동가들이 베이징에 오면 반드시 이회영을 찾아왔으며 한동안 거주하는 경우도 많았다. 매일 적게는 10명, 많을 때는 30~40명씩 찾아왔으며 그들에게 점심과 저녁을 제공하면서 베이징지역 독립운동의 지도부 역할을 하였다. 후고루원에서 이회영이 살았던 집은 찾을 수 없고 골목만 확인된다. 후고루원 일대에는 현재 북경제5분교(北京五中分校)가 들어서 있으며 주변에 당시의 건물로 보이는 가옥들이 군데군데 남아 있다. 인근에는 이회영의 동생 이호영이 살았던 소경창호동이 있어 함께 살펴볼 필요가 있다.",없음,없음,없음,"○ 정화암, 『이 조국 어디로 갈것인가』, 자유문고, 1982. ○ 이은숙, 『민족운동가 아내의 수기』, 정음사, 1983. ○ 이규창, 『운명의 여진』, 보연각, 1992. ○ 문화관광부·독립기념관·한국근현대사학회, 『국외독립운동유적(지) 실태조사보고서』 Ⅰ, 2002. ○ 최기영, 「이회영의 북경 생활 : 1919~1925, 『동양학』 54, 단국대학 동양학연구원, 20",Y,"이회영,",없음,없음,0,0,20200305050319_7f27881e4bb04f1f26c55d2e70e994ba.jpg,북경 이회영 거주지 터 (후고루원) (2).jpg
CN00185,베이징 제2회 보합단 터,없음,없음,없음,2,장소,아시아,중국,베이징,없음,베이징시 서성구 취화가 5호 일대,北京市 西城○ 翠花街 5○ 일대,39.9287138,116.4165048,1921년 박용만·노백린·김창숙·신채호 등이 무장군사활동을 위해 조직한 제2보합단이 있었던 곳,"제2 보합단(普合團)은 1921년 4~6월 경 박용만(朴容萬)을 중심으로 조직되었다. 단장으로 박용만(朴容萬)·군임장 노백린(盧伯麟)·재임장 김창숙(金昌淑)·내무임장 신채호(申采浩)·사령관 김좌진(金佐鎭) 등이 선임되었다. 이 단체는 군사통일회의 개최 이후 임시정부의 독립운동 방략을 반대한 박용만이 군정부 수립에 앞서 조직한 것으로 추정된다. 이 밖에 제2 보합단의 활동은 알려진 것이 거의 없다. 단체명을 통해 국내에서 조직되어 만주로 이동한 보합단이나 국내와 연관성을 추정할 수 있으나 확실하지 않다. 제2 보합단은 북경기독교청년회의 지원을 받은 것으로 보인다. 이는 1921년 9월 25일 오후 1시경부터 열린 모임에서 논의되었다. 이날 베이징 동안(東安) 시장 내 윤명다루(潤明茶樓)에 한영복(韓永福)·심천(沈天)·이흥천(李興天, 이용설) 양근(楊根)·정훈(鄭勳)·고조운(高朝雲) 등 24~25명이 모였으며, 군사통일회(軍事統一會) 및 보합단의 활동에 대해 자금과 기타 원조할 것을 협의하였다. 2002년 조사 당시 제2보합단 본부는 ‘동성구(○城○) 대하연대가(大河沿大街) 취화호동(翠花胡同)’으로 조사되었다. 그러나 이번 실태조사 문헌조사 과정에서 제2보합단의 결성지가 ‘北京 西城 南位兒 ○花街’라는 점을 주목하여 재조사를 진행하였다. 1920년대 베이징지도를 검토한 결과, 서성구역에서 ‘南位兒胡同’과 ‘○花街’를 모두 찾을 수 있었다. 현재 남위아호동(현 西四北六○)와 취화가 사이에 4차선 도로가 개통되어 크게 변하였으나 과거 지도와 거리의 표지석을 비교해 보면 과거 연결되었던 흔적을 확인할 수 있다. 보다 명확한 자료가 발굴되기 전까지 현재 신규조사된 장소를 보합단이 활동한 곳으로 보는 것이 합리적이라 판단된다.",없음,없음,없음,"○ 김정명, 『조선독립운동』2, 원서방, 1967. ○ 단재신채호전집편찬위원회 편, 『단재신채호전집』 2, 독립기념관 한국독립운동사연구소, 2008. ○ 신용하, 『신채호의 사회사상연구, 한길사, 1984. ○ 문화관광부·독립기념관·한국근현대사학회, 『국외독립운동유적(지) 실태조사보고서』 Ⅰ, 2002. ○ 손염홍, 『근대 북경의 한인사회와 민족운동』, 역사공간, 2010.",Y,"신채호,박용만,노백린,김창숙,김좌진,",없음,없음,0,0,20200304150351_e9f4e0a615491e0888cc1806be05e925.jpg,제2보합단(신규 2019년 비정) (16).jpg
CN00186,베이징 협화의학원,없음,없음,없음,2,장소,아시아,중국,베이징,없음,베이징시 동성구 동단삼조 9호 북경협화의학원,北京市 ○城○ ○○三○ 9○ 北京○和○○院,39.912055,116.416926,1920년대 독립운동가 김산·이용설 등이 다녔던 의학교,"협화의학원(協和醫學院)은 록펠러재단(Rockefeller Foundation)이 세운 학교이다. 김산(金山)·이용설(李容卨) 등이 수학하였다. 김산은 협화의학원 입학 이전 국내에서 기독교 계통의 중학교에 다녔다. 3·1운동 이후 도쿄(東京)로 건너가 고학(苦學)을 하다가 서간도 신흥무관학교를 찾아가 속성과정을 수학하였다. 1920년 상하이(上海)로 이동하여 『독립신문』의 교정원으로 일하였으며, 안창호의 추천으로 톈진(天津) 남개대학(南開大學)에 입학했다. 그러나 김염(金焰, 김필순 아들)에 대한 모욕과 민족 차별에 항의한 후 입학을 포기하고 잠시 베이징에 머물렀다가 국내로 돌아갔다. 1922년 봄 협화의학원 입학시험에 합격하여 베이징으로 오게 되었다. 이후 1925년 국립 광동대학(廣東大學) 의학과 본과 2학년에 편입했다가 다시 법과로 전공을 바꾸었다. 평북 희천(熙川) 출신인 이용설은 평양 숭실대학교를 2년간 다니다가 세브란스 의학전문학교에 편입하였다. 1919년 2월 중순경 이갑성(李甲成)의 집에서 배동석(裵東奭)·김형기(金炯幾)·한위건(韓偉健)·김원벽(金元璧)·윤자영(尹滋瑛) 등과 독립운동에 대해 논의한 후 대량의 독립선언서를 받아 대구·마산·군산 등지에 배포하였다. 같은 해 5월 일경의 수사망을 피해 세브란스 병원을 나온 후 베이징으로 망명하였다. 서왈보(徐曰甫)의 도움을 받아 생활하였으며, 통주의 노하중학교(潞河中學校) 등지에서 영어와 중국어를 공부하였다. 1920년 초 록펠러재단에서 운영하던 협화의학전문학교 부속 협화병원에 들어가 인턴생활을 마치고 외과에서 근무하였다. 과거 학교 부지 외에 넓은 영역에 걸쳐 협화의과대학 건물로 사용되고 있다.",없음,없음,없음,"○ 님웨일즈, 『아리랑』, 동녘, 1998. ○ 문화관광부·독립기념관·한국근현대사학회, 『국외독립운동유적(지) 실태조사보고서』 Ⅰ, 2002. ○ 손염홍, 「1910~1920년대 중반 북경 한인사회와 민족운동의 특징」, 『한국근현대사연구』 30, 2004. ○ 김성룡, 『불멸의 발자취』, 민족출판사, 2005. ○ 이원규, 『김산평전』, 실천문학사, 2006. ○ 조규태, 「1920년대 북경고려기독교청년회의 종교활동과 민족운동」, 『한국기독교와 역사』 31, 한국기독교연구소, 2009.",Y,"김산,이용설,",없음,없음,0,0,20200304140329_821e47cf4122f497436f1ab9e124b66e.jpg,협화의학원 (6).jpg
CN00187,베이징 고려기독교청년회 사무실 (중화성경회),없음,없음,없음,2,건물,아시아,중국,베이징,없음,베이징시 동성구 동단북대가 21호 중화성경회구지,北京市 ○城○ ○○北大街 21○ 中○○○○○址,39.9170129,116.4168221,베이징 고려기독교청년회 본부가 있었던 장소,"고려기독교청년회는 1920년 2월 10일 공리회(公理會) 예배당에서 조직되었다. 초기 회장을 맡은 이용설(李容卨, 李興天)은 협화의학원, 이대위(李大偉)·문승찬(文承贊)은 북경대학, 장자일(張子一)은 노하중학(潞河中學)에 다니고 있었다. 이들은 효순호동(孝順胡同)에서 열린 ‘미감리교회동아총회’에 참여한 오기선(吳基善)·안창호(安昌鎬)·안동원(安東源) 등 선교사 및 목사들의 영향을 받아 단체를 조직하였다. 본부는 동성(東城) 등시구(燈市口)에 소재한 공리회에 두었다. 고려기독교청년회는 청년·학생조직을 표방했지만, 한인의 민족의식 고취에 목적을 두었다. 이에 베이징지역에서 활동한 이회영(李會榮)·신채호(申采浩) 등의 독립운동가들과 연결되었다. 조직이 확대되면서 기독교인이 아닌 사람들의 참여가 늘었으며, 활동도 유학생의 어학교육과 숙식을 주선하는 등 교민회 역할까지 맡았다. 1924년 경 유학생의 증가와 함께 기독교인도 증가하면서 베이징 고려기독교청년회원은 40여 명에 이르렀다. 당시 협화의학전문학교 교수로 있던 밀스(Mills), 감리교 목사 와일더(Wilder) 등도 활동을 지원하였다. 1924년 6월 고려기독교청년회는 국내 조선기독교청년회연합회에 정식 회원단체로 가입하였다. 7월 조양문대가(朝陽門大街)에 한인기독교회를 설립하고 사무실을 마련하였다. 이후 북경고려기독교청년회는 국내의 장로교·감리교연합회 본부, 베이징의 협화교회, 베이징 근처의 통주(通州)와 해전(海甸)지역 교인의 후원과 성금으로 교회를 운영하였다. 당시 사용했던 건물이 그대로 보존되어 있다., 현재 베이징시 기독교무위원회와 베이징시 기독교 삼자애국운동위원회로 사용하고 있어 내부 건물조사는 어려운 상태이다.",없음,없음,없음,"○ 김승학, 『한국독립사』 하, 독립문화사, 1970. ○ 독립운동사편찬위원회, 『독립운동사』 8·10, 1975. ○ 독립운동사편찬위원회, 『독립운동사자료집』 12, 1977. ○ 조규태, 「1920년대 북경고려기독교청년회의 종교활동과 민족운동」, 『한국기독교와 역사』 31, 한국기독교연구소, 2009. ○ 손염홍, 『근대 북경의 한인사회와 민족운동』, 역사공간, 2010.",Y,"이용설,이대위,",없음,없음,0,0,20200304140335_aa2ab2fb1a6588dd392e7923fc2f513b.jpg,북경 고려기독교청년회 본부 터 (3).jpg
CN00188,베이징 신채호 거주지 터 (관음사),없음,없음,없음,2,장소,아시아,중국,베이징,북경시 동성구 방가호동,베이징시 동성구 동직문 전영강호동 9호 부근,北京市 ○城○ ○直○ 前永康胡同 9○ 부근,39.944137,116.41971,1924년경 신채호가 북경에서 거주했던 곳,"석등암(石燈庵)에서 역사편찬에 몰두하던 신채호는 북신교(北新橋) 부근 관음사(觀音寺)로 거처를 옮겼다. 이곳에서 61일간의 계를 마친 후 수도승 생활을 하였다. 정화암(鄭華岩)이 재중국조선무정부주의자연맹(在中國朝鮮無政府主義者聯盟)을 조직할 당시 신채호가 석등암에 있었다고 회고한 것을 근거로 하면, 관음사로 옮긴 시기를 1924년 4월 전후로 추정할 수 있다. 관음사에 머무를 당시 신채호의 행적은 이회영의 아들인 이규창(李圭昌)의 회고를 통해 찾을 수 있다. 1924년 4월경 이회영의 가족들은 관음사호동(觀音寺胡同)에 살고 있었다. 그리고 이규창은 집으로 찾아온 신채호를 만났다. 두 사람이 만난 시기는 1924년 6~7월로 추정된다. 신채호가 스님의 행색을 하고 찾아왔기에 승려의 계를 받았던 두달 정도의 기간을 역산하면, 4~5월 경에는 관음사에 머물렀을 것으로 추정된다. 관음사에 기거하는 동안 신채호는 「유마경」과 「방엄경」에 심취하였으며, 특히 마명이 지은 『대승기신론』을 깊이 연구하였다. 이곳에서 숙식이 해결되자 조선사연구에 다시 몰두하였다. 『전후삼한고』의 집필은 이 시기 이루어졌다. 1924년 말 신채호는 관음사에서 나와 소경창(小經廠)에서 이호영(李護榮, 이회영일가 여섯째)이 운영하는 하숙집에 투숙하면서 『동아일보』에 글을 기고하였다. 신채호가 거주한 관음사가 있던 자리는 현재 전영강호동(前永康胡同) 9호와 11호 일대로 추정된다. 관음사 앞의 골목이 관음사호동(觀音寺胡同)으로 불렸으나 현재 전영강호동에 포함되었다. 관음사 일대는 주거단지로 변모하여 과거 흔적은 남아있지 않으나 전영강호동 표지석에 관음사 있었다는 기록이 남아있다.",없음,없음,없음,"○ 정화암, 『이 조국 어디로 갈것인가』, 자유문고, 1982. ○ 이은숙, 『민족운동가 아내의 수기』, 정음사, 1983. ○ 임중빈, 『단재 신채호 : 그 생애와 정신』, 명지사, 1987. ○ 이규창, 『운명의 여진』, 보연각, 1992. ○ 문화관광부·독립기념관·한국근현대사학회, 『국외독립운동유적(지) 실태조사보고서』 Ⅰ, 2002. ○ 단재신채호전집위원회 편, 『단재신채호전집』 1~9, 독립기념관 한국독립운동사연구소, 2008.",Y,"신채호,",없음,없음,0,0,20200304150350_fcf565d507409d8b32df5523972f8094.jpg,북경 신채호 거주지 터 (관음사) (2).jpg
CN00189,베이징 신채호 거주지 터 (보타암),없음,없음,없음,2,장소,아시아,중국,베이징,없음,"북경시 동화시북리 동정 8, 숭문문 동대가 동편문교 주변","北京市 ○花市北里 ○正 8, 崇文○ ○大街 ○便○○ 周○",39.8990995,116.4261407,1918년 경 신채호가 거주했던 장소,"신채호가 보타암에 거주했던 시기는 1918년경이다. 그는 이곳에서 한국사 연구와 집필에 전념하는 한편, 북경에서 발행되던 《중화보》와 《북경일보》 등에 논설을 발표하여 문명(文名)을 드날렸다. 이 무렵 한국독립운동과 관련한 논설에서 그는 “한·중 항일공동전선”의 결성을 통한 무장투쟁을 강력히 주창하였다. 보타암은 북경역에서 가까운 곳에 있었기에 신채호는 이곳에 거주지를 정하였던 것으로 보인다. 보타암은 도교사원인 태평궁에서 운하를 사이에 두고 북쪽에 있는 것으로 기록되어 있다. 그러나 도시개발로 운하가 고가도로로 변하였고, 길 건너 북쪽에는 고층건물이 들어서 당시의 모습을 찾을 수 없다. 다만 태평궁 안에 있었던 “호국태평궁비”가 남아있어 그것을 통해 간접적으로나마 보타암이 있었던 자리임을 알 수 있었다. 보타암의 흔적은 남아있지 않고, 위치 확인에 중요한 단서가 되는 “호국태평궁비”가 남아 있다.",없음,없음,없음,"독립기념관 한국독립운동사연구소, 『국외항일운동 유적(지) 실태조사보고서』Ⅰ, 2002. 신용하, 『신채호의 사회사상연구』, 한길사, 1984.",Y,"신채호,",없음,없음,0,0,20200304150346_65e0604ffeff60c8c58c50d0cc0ed32e.jpg,북경 신채호 거주지 터 (보타암) (1).jpg
CN00190,베이징 대한독립청년단 본부 터,없음,없음,없음,2,장소,아시아,중국,베이징,북경시 북성 구고루대가 소석교호동 7호,베이징시 북성 구고루대가 소석교호동 일대,北京市 北城 ○鼓○大街 小石○胡同 일대,39.9459918,116.3913784,1919년 신채호 등 베이징에 거주하는 한인학생들이 조직했던 대한독립청년단의 본부 터,"1919년 6월경 임기반(林基磐)·김사익(金思益)·이기호(李祈鎬) 등은 베이징(北京)의 서왈보(徐曰甫)의 집에 기숙하면서 대한독립청년단을 조직하였다. 본부는 북성(北城) 구고루대가(舊鼓○大街) 소석교로(小石○路) 북(北) 7호 최창석(崔滄石)의 집에 설치하였다. 대한독립청년단은 베이징·톈진의 학생을 중심으로 조직되어 '북경학생단' 또는 '대동청년당'이라고 불렸다. 단장 신채호·부단장·총무 및 통신 한진산(趙東珍)· 내무 겸 재무부장 조동진(趙東珍)·외무부장 문철(文哲)·군무부장 서왈보·서기 방석범 등이 선임되었다. 베이징에서 활동한 인원은 30여 명이 되었으며 국내의 애국부인회와 연계하여 모두 70여 명이 되었다. 북경에 본부를 두고 각 지방에 지부를 설치하면서 국내외의 청년단원을 모집하기 위하여 적극적인 활동을 전개하였다. 단장인 신채호가 상하이에서 발행한 『신대한』을 “우리 독립사업에서 가장 건전한 기관”이라 하며, 그 창간을 축하하는 글을 창간호에 게재하였던 것으로 보아 임시정부의 활동을 비판하고 군사활동에 관심을 둔 것으로 보인다. 대한독립청년단 본부 건물은 소실되어 현재 자취를 찾아볼 수 없다. 대략적인 위치를 알 수 있는 골목만 남아 주변 변화 양상을 기록할 필요성이 있다.",없음,없음,없음,"민족운동연구소 편, 『민족독립투쟁사사료(해외편)』, 여론사, 1959. 김승학, 『한국독립사』, 독립문화사, 1970. 채근식, 『무장독립운동비사』, 민족문화사, 1985. 박성수, 『한국독립운동사적』(중국편), 국가보훈처, 1992.",Y,"신채호,","대한독립청년단,",없음,0,0,20200304150300_99c18a1c1a6d4a73157ab68a0d8a4491.jpg,북경 대한독립청년단 본부 터(소석교) (2).jpg
CN00191,베이징 신채호 거주지 (금시방가),없음,없음,없음,2,장소,아시아,중국,베이징,없음,베이징시 서성구 금시방가 21호 일대,北京市 西城○ ○什坊街 21○ 일대,39.9220956,116.3628567,신채호가 1920년 4월 베이징으로 돌아와 박자혜와 혼인하여 거주하였던 곳,"베이징(北京)에서 활동하던 신채호(申采浩)는 상하이(上海)로 이동하여 대한민국 임시정부 수립에 참여하였다. 그러나 1919년 4월 열린 제1회 임시의정원회의에서 국무총리로 이승만(李承晩)을 선출하는 것에 반대하였고, 9월 열린 제6회 임시의정원회의에서도 이승만을 대통령으로 선출하자는 의견에 반대하였다. 이후 김두봉(金枓奉)·한위건(韓偉健)·신백우(申伯雨) 등과 『신대한』을 발간하여 주필을 맡아 임시정부에 대한 비판에 나섰으나 결국 불화가 생겨 발행이 중단되었다. 1920년 4월 경 신채호는 북경으로 돌아왔고 『천고(天鼓)』 발행에 집중하였다. 중국인과 연합전선을 형성할 목적으로 발행한 순한문 잡지로 1921년 1월 1일 첫 호가 발행되었다. 김창숙(金昌淑)·박숭병(朴崇秉)·이회영(李會榮)·한영복(韓永福) 등도 작업에 참여하였다. 집필은 초두호동(炒豆胡同)의 박숭병 집에서 이루어진 것으로 보인다. 한편, 베이징으로 돌아왔을 때 신채호는 이회영의 부인 이은숙(李恩淑) 여사의 중매로 박자혜(朴慈惠)와 결혼하여 가정을 꾸렸다. 간호사였던 박자혜는 3·1운동 때 서울에서 독립만세운동에 참가했다가 ‘간우회사건’ 이후 베이징 연경대학 의예과를 다니고 있었다. 신혼집은 금시방가(○什坊街)에 마련하였다. 1921년 음력 1월 첫째 아들 신수범을 얻었다. 생활이 어려워지자 1922년 박자혜와 아들을 국내로 보냈고, 고향 친구인 홍명희(洪命憙)에게 생계를 부탁하였다. 신채호는 생계를 위해 글을 써서 『조선일보』와 관계가 있던 홍명희를 통해 기고하였으며 그 원고대금을 부인에게 보내었다. 도시개발이 진행되어 도로를 제외하고 주변 건물은 크게 변화하였다. 신채호 거주지는 21번지로 알려져 있으며 건물의 증축 및 개축 상황을 정확하게 알기 어려운 상황이다.",없음,없음,없음,"○ 임중빈, 『단재 신채호 : 그 생애와 정신』, 명지사, 1987. ○ 이규창, 『운명의 여진』, 보연각, 1992. ○ 독립기념관 한국독립운동사연구소 편, 『(류자명 수기) 한 혁명자의 회억록』, 1999. ○ 문화관광부·독립기념관·한국근현대사학회, 『국외독립운동유적(지) 실태조사보고서』 Ⅰ, 2002. ○ 단재신채호전집위원회 편, 『단재신채호전집』 9, 독립기념관 한국독립운동사연구소, 2008.",Y,"신채호,",없음,없음,0,0,20200304150311_cd42ae77262a010f47b6fb6012619e17.jpg,북경 신채호 거주지 터(금시방가) (2).jpg
CN00194,베이징 박용만 거주지 터 (병마사호동),없음,없음,없음,2,장소,아시아,중국,베이징,북경시 서성구 병마사호동 28호,북경시 서성구 서4남대가 병마사호동 59호,박용만 거주지 터(병마사호동) 北京市 西城○ 兵○司胡同 59○ 일대 / 박용만 활동지 北京市 崇文○外大街 花市 上二○ 일대,39.91982,116.369924,1921년 베이징에서 박용만이 결혼하여 신혼살림을 꾸렸던 곳,"1920년 박용만(朴容萬)은 하와이에서 베이징(北京)으로 활동무대를 옮겼다. 독립전쟁을 강조하고자 군사통일회(軍事統一會)를 개최하고 제2 보합단 조직을 주도하였다. 이를 통해 장기적인 독립운동을 구상하여 경제기반을 만들기 위한 계획을 추진하였다. 1921년 9월 북경정부 재정부 관리인 중국인 장모의 딸과 결혼한 것도 이러한 이유의 하나였다. 혼인 후 거주지는 병마사호동 28호에 마련하였다. 베이징에서 자리를 잡은 후 본 격적으로 토지개간을 통한 독립군기지 건설에 나섰다. 그가 설립한 대륙농간공사(大陸農墾公司)는 그 계획을 실천하기 위한 것이었다. 그렇지만 그에 대한 주변인들의 인식은 악화되고 있었다. 1924년 6월, 장춘(長春)의 일본 영사와 면회했다는 소문이 돌았다. 고향 철원(鐵原)에 있던 부인을 데려오려고 두 번 입국한 일 때문이었는데, 이 과정에서 일제 측의 도움이 있었다는 것이었다. 이 일로1924년 6월 15일 창조파의 중심기관인 국민위원회(國民委員會)로부터 파면과 제명 처분을 받았다. 또한 1924년 10월 박용만은 중국 군벌 풍옥상(馮玉祥)에게 사업을 제안한 일이 있었다. 내몽고에 한인 둔전을 개척하여 경영하겠다는 것이었다. 이 제안을 들은 풍옥상은 일본 측의 양해가 있어야 된다고 하였다. 그러자 박용만은 중국인으로 위장하고 국내로 잠입했다. 이 일에 대해 한인사회에서 박용만의 국내 잠입과정에 총독부와 밀정 김달하(金達河)의 도움이 있었을 것이라는 소문이 있었다. 더불어 1924년 서로군정서(西路軍政署)의 7인 결사대가 길림 일대에서 비밀공작을 벌이던 중 일본군에 붙잡혀 사형당한 일에 대해서도 돈 7천원을 받고 제보했다는 소문이 나돌았다. 변절 혐의와 함께 박용만의 독립운동 노선도 비판을 받았다. 1925년 11월 풍옥상이 장작림(張作霖)에 의해 밀려나면서 새 실권자로 오패부(吳佩孚)가 복귀하자 ‘중국의 희망’이라 칭송하였다. 이어 대립적 위치에 있던 손문(孫文)과 풍옥상에 대한 비판적인 보고서를 미군 당국에 제출하였다. 이러한 비판들은 박용만의 활동에 의구심을 가졌던 인물들과 일제의 분열책이 작용한 부분도 있었으나 무시할 만큼 작은 일은 아니었던 것으로 보인다. 그는 주변 독립운동가들과 한인사회로부터 외면받게 되었다. 1926년 봄 박용만은 약 2만원의 자금을 갖고 하와이에서 돌아와, 대륙농간공사를 중심으로 베이징 교외에 미개간지를 구매·개간하는 일에 집중하였다. 그러나 결국 1928년 10월 17일 베이징 숭문문(崇文門) 밖 대륙농간공사에서 이해명(李海鳴, 李泰龍)·이초헌(李初憲)에게 세 발의 총탄을 맞고 절명하였다. 총격자는 현장에서 붙잡혔으며 두 사람은 재판정에서 자기 신분을 ‘북평(北平)의 한인독립당원’이라 하였다. 1925년에 가입했으며 박용만의 암살은 소속단체에서 사형을 판결하여 총살명령서를 우송해 왔기에 집행한 것이라고 주장하였다. 독립당은 의열단이나 한국독립당관내촉성회연합회(韓國獨立黨關內促成會聯合會)를 가리키는 것이었을 것으로 추정된다. 박용만이 거주한 병마사호동의 거주지는 정확하게 파악되지 않는다. 2002년 비정한 59호와 그 일대는 도시개발로 변화되었으며 현재 현대식 4층 건물이 들어서 있다. 또한 병마사호동의 길 끝에는 도로가 끊어지고 대규모 공사가 시작되었다. 대륙농간공사가 있었던 화시 상2조 거리도 재개발이 이루어졌다. 부근에 오래된 집들이 몇 채 남아 있어 옛 흔적을 엿볼 수 있으나 정확한 위치 비정은 어렵다. 이마저도 현재 개발로 인하여 멸실될 위기에 있다.",없음,없음,없음,"○ 김정명, 『조선독립운동』 5, 원서방, 1967. ○ 박태원, 『약산과 의열단』, 백양당, 1947. ○ 이규창, 『운명의 여진』, 보연각, 1992. ○ 김영범, 『의열투쟁 Ⅰ』, 한국독립운동사연구소, 2009. ○ 김도훈, 『미 대륙의 항일무장투쟁론자 박용만』, 역사공간, 2010. ○ 손염홍, 『근대 북경의 한인사회와 민족운동』, 역사공간, 2010.",Y,"박용만,",없음,없음,0,0,20200304170322_4fb1f35f25118e219a44a27a96c700c0.jpg,북경 박용만 거주지 터(병마사호동) (6).jpg
CN00195,베이징 신한혁명당 본부 터,없음,없음,없음,2,장소,아시아,중국,베이징,"북경시 서성구 서단패루 93호, 김자순의 집",북경시 서성구 선무문내대가,北京市 西城○ 宣武○內大街,39.904922,116.38133,1915년 이상설·박은식·신규식 등이 조직했던 신한혁명당의 북경 근거지,"1915년 조직된 신한혁명당은 북경지역 한국독립운동사의 첫 장을 장식한 독립운동단체이다. 블라디보스토크에서 대한광복군정부를 세우며 대일독립전쟁을 추진하던 이상설은 1차 대전의 발발과 함께 러시아의 탄압 때문에 상해로 옮겨 박은식·신규식 등과 함께 신한혁명당을 결성하였다. 그리고 한·중연합전선을 통한 독립전쟁을 기대하며 북경정부의 지원을 받기 위해 근거지를 북경으로 옮겼다. 광무황제를 당수로 추대한 신한혁명당은 본부를 북경에 두고, 중국 상해·한구·봉천·장춘·안동·연길과 국내의 서울·원산·평양·회령·나남 등지에 지부를 설치하였다. 신한혁명당의 독립전쟁 전략은 첫째, 일본과 중국 사이에 전쟁이 일어나면 중국 내 안봉선 철도 등을 파괴하여 후방을 교란한다. 둘째, 광무황제의 위임을 받아 중국 정부와 중한의방조약이라는 밀약을 맺는 것이었다. 그러나 1915년 중국의 원세개가 일본의 요구를 수락한 데다, 광무황제의 밀명을 받고자 서울에 잠입했던 성낙형이 체포되면서(보안법위반사건) 와해하고 말았다. 신한혁명단 북경 근거지가 있었던 서단패루는 지금의 서단대로 남대가(선무문내대가)로 추정되며, 현재 도시개발이 진행되어 옛 모습을 전혀 찾아볼 수 없다.",없음,없음,없음,"김정명 편, 『조선독립운동』1, 원서방, 1967. 국회도서관, 『한국민족운동사료-중국편-』, 1976. 김희곤, ○동제사의 결성과 활동○, 《한국사연구》 48, 1985. 강영심, ○신한혁명당의 결성과 활동○, 《한국독립운동사》 2, 독립운동사연구소,1988.",Y,"신채호,박은식,신규식,","신한혁명당,",없음,0,0,20200305050317_d9ef699cec00a53d0722ec3de92a3924.jpg,북경 신한혁명당 본부 터 (1).jpg
CN00196,베이징 신채호 거주지 터 (석등암),없음,없음,없음,2,장소,아시아,중국,베이징,없음,베이징시 서성구 석등호동 12호 일대,北京市 西城○ 石○胡同 12○ 일대,39.900943,116.365748,1923년 9월부터 1924년 2월까지 베이징에서 신채호가 거주했던 곳,"신채호(申采浩)는 가족들을 국내로 보내고 1923년 1월 경 상하이(上海)로 이동하여 의열단의 선언문인 「조선혁명선언」과 경고문 「조선총독부 관공리에게」를 탈고하였다. 신채호는 류자명(柳子明)을 통해 김원봉(金元鳳)를 소개받았고 의열단이 주장하는 바를 문서로 작성해 주었던 것이다. 신채호는 1923년 상해에서 열린 국민대표회의가 별다른 성과 없이 폐회되고 창조파를 중심으로 한 신정부 수립계획도 불투명해지자 크게 실망하였다. 그는 베이징으로 돌아와 석등암(石燈庵)에서 역사서 편찬에 몰두한 것으로 보인다. 정화암(鄭華岩)은 1924년 4월 20일 아나키스트 단체인 재중국조선무정부주의자연맹(在中國朝鮮無政府主義者聯盟)을 조직할 때 신채호가 순치문(順治門) 내 석등암에 칩거하며 『사고전서(四庫全書)』를 섭렵하고 역사서 편찬에 몰두하느라 참석하지 못했다고 하였다. 단편적인 행적을 추려보면 신채호는 1923년 하반기부터 1924년 4월 사이 석등암에 머물렀을 것으로 추정되며 승려가 아닌 투숙자였던 것으로 보인다. 현재 명확한 위치는 근거자료의 부족으로 비정할 수 없고, 옛 건물이 일부 남아있으나 새로운 건물이 들어서 당시의 모습을 찾을 수는 없다. 2002년 조사 당시 석등암 13호 일대를 신채호 거주지로 비정했으나, 이보다는 현재 아파트로 변모된 석등암 터(6호) 근처를 넓게 비정하는 것이 타당하다고 생각된다.",없음,없음,없음,"○ 정화암, 『이 조국 어디로 갈것인가 : 나의 회고』, 자유문고, 1982. ○ 임중빈, 『단재 신채호 : 그 생애와 정신』, 명지사, 1987. ○ 이규창, 『운명의 여진』, 보연각, 1992. ○ 독립기념관 한국독립운동사연구소 편, 『(류자명 수기) 한 혁명자의 회억록』, 1999. ○ 문화관광부·독립기념관·한국근현대사학회, 『국외독립운동유적(지) 실태조사보고서』 Ⅰ, 2002. ○ 단재신채호전집위원회 편, 『단재신채호전집』 9, 독립기념관 한국독립운동사연구소, 2008.",Y,"신채호,",없음,없음,0,0,20200304150333_a165abaf259ac3b6731aea44964b0fa0.jpg,북경 신채호 거주지 터(석등암) (2).jpg
CN00197,베이징 신대한동맹회 터,없음,없음,없음,2,장소,아시아,중국,베이징,북경시 서성구 하강자호동 16호,"북경시 서성구 태평교대가 하강호동, 이용로 서성구정부 인근",北京市 西城○ 太平○大街 下○胡同，二○路 西城○政府 附近,39.9108849,116.3663424,신대한동맹회가 대한민국임시정부를 지원을 위해 각종 활동을 했던 곳,"신대한동맹회는 3·1운동 이후 북경에 거주하는 박정래(박정동)·최우·이중만 등이 교민들을 중심으로 대한민국임시정부를 지원하기 위해 조직한 독립운동단체이다. 활동상이 구체적으로 알려지지 않았으나 회장, 부회장, 총무의 조직체계를 갖춘 점으로 미루어 한인사회의 결집 및 독립운동자금 수합 등을 주요 활동으로 전개했던 것으로 여겨진다. 이 단체는 28명의 회원으로 구성되어 있었다. 당시 지번과의 일치 여부를 확인할 필요가 있으나, 현재의 16호 건물이 1920년대의 것으로 추정된다. 그러나 옛 모습을 찾아볼 수 있는 건물이나 흔적은 남아 있지 않다.",없음,없음,없음,"채근식, 『무장독립운동비사』, 민족문화사, 1956. 민족운동연구소 편, 『민족독립투쟁사사료(해외편)』, 여론사, 1959. 김승학, 『한국독립사』, 독립문화사, 1970. 산숙 편, 『북경시가항명칭록』, 1986.",Y,없음,"신대한동맹회,",없음,0,0,20170321110345_7464f99203e80102440a09affc9f6b9e.jpg,CN00197-001.jpg
CN00198,군사통일주비회 개최지 (삼패자화원),없음,없음,없음,2,건물,아시아,중국,베이징,북경시 서직문외 서2리 삼패자화원,베이징시 서직문외대가 137호 북경동물원 창관루,北京市 西直○外大街 137○ 北京○物○ ○○○,39.938284,116.338823,1921년 4월 24일 이회영·신채호·박용만 등이 군사통일주비회를 개최했던 장소,"베이징에서 개최된 군사통일주비회(軍事統一籌備會)는 독립전쟁을 우선적인 방략으로 결정한 회의였다. 군사통일회의는 개최에 앞서 군사통일촉성회(軍事統一促成會)가 조직되었다. 참여자는 박용만(朴容萬)·신숙(申叔)·신채호(申采浩)·이회영(李會英)·배달무(裵達武)·김대지(金大池)·김갑(金甲)·장건상(張建相)·남공선(南公善) 등 15인이었다. 이들은 의열단·천도교·대한국민의회 등 다양한 이력을 가졌으나 당시 대한민국 임시정부의 독립운동 노선과 방략에 모두 비판적인 입장을 보였다. 이들은 임시정부의 역할과 활동을 비판하고 독립전쟁을 최우선으로 추진하기 위해 군사단체의 통일을 주장하였다. 이를 논의하기 위해 남만주에 배달무, 북만주에는 남공선을 파견하여 각 지역의 대표자를 베이징으로 초빙하였다. 이러한 준비를 거쳐 1921년 4월 17일 군사통일주비회(軍事統一籌備會)가 열렸다. 의장에 신숙, 서기 박건병(朴健秉), 사경(査警) 권경지(權敬止)·어수갑(魚秀甲), 자격심사위원 남공선 등이 선출되었다. 개최장소는 베이징 서직문(西直門) 밖의 삼패자화원(三牌子花園) 내 창관루(暢觀樓)였다. 회의는 1921년 4월 17일부터 6월 22일까지로 약 2개월 정도 진행되었으며 창관루 이외에도 여러 장소에서 회의가 진행되었다. 회의의 정식 명칭인 ‘군사통일회의’는 4월 19일 정해졌다. 군사통일촉성회에 관여했던 신채호·박은식·김대지 등은 참여하지 않았고 박용만과 신숙의 주도로 진행되었다. 회의에서 주요하게 다루어진 의제는 크게 4가지로 군사기관 설립·임시정부 불신임·신정부 수립·국민대표소집이었다. 회의 이후 국민대표회의 개최요구가 본격화되자 상해에 국민대표회주비위원을 파견하였으며 국민대표회기성회와 연계하였다. 베이징 해정구에 자리 잡은 북경동물원은 청나라 시기에는 농업시험소가 있던 곳이다. 이곳이 바로 군사통일주비회가 개최되었던 삼패자화원의 옛터이다. 동물원의 서쪽에 창관루가 있으며, 원형 그대로 보존되어 있지만, 어떠한 표식도 없는 상황이다.",없음,없음,없음,"○ 조규태, 「北京 '軍事統一會議'의 組織과 活動」, 『한국독립운동사연구』 15, 한국독립운동사연구소, 2000. ○ 문화관광부·독립기념관·한국근현대사학회, 『국외독립운동유적(지) 실태조사보고서』 Ⅰ, 2002. ○ 이현주, 『1920년대 재중항일세력의 통일운동』, 한국독립운동사연구소, 2009. ○ 김도훈, 『미 대륙의 항일무장투쟁론자 박용만』, 역사공간, 2010. ○ 독립기념관, 『국외독립운동 실태조사보고서』 12, 2012.",Y,"이회영,신채호,신숙,박용만,",없음,없음,0,0,20200304140327_d7da89fe04be7b0273cd370015b14804.jpg,군사통일주비회 개최지(삼패자화원) (2).jpg
CN00199,베이징 박용만 활동지 터 (대륙농간공사),없음,없음,없음,2,장소,아시아,중국,베이징,없음,베이징시 숭문문외대가 화시 상2조 일대,北京市 崇文○外大街 花市 上二○ 일대,39.897921,116.415503,베이징에서 박용만이 독립운동기지 건설을 위해 운영한 대륙농간공사가 있던 곳,"1920년 박용만(朴容萬)은 하와이에서 베이징(北京)으로 활동무대를 옮겼다. 독립전쟁을 강조하고자 군사통일회(軍事統一會)를 개최하고 제2 보합단 조직을 주도하였다. 이를 통해 장기적인 독립운동을 구상하여 경제기반을 만들기 위한 계획을 추진하였다. 1921년 9월 북경정부 재정부 관리인 중국인 장모의 딸과 결혼한 것도 이러한 이유의 하나였다. 혼인 후 거주지는 병마사호동 28호에 마련하였다. 베이징에서 자리를 잡은 후 본 격적으로 토지개간을 통한 독립군기지 건설에 나섰다. 그가 설립한 대륙농간공사(大陸農墾公司)는 그 계획을 실천하기 위한 것이었다. 그렇지만 그에 대한 주변인들의 인식은 악화되고 있었다. 1924년 6월, 장춘(長春)의 일본 영사와 면회했다는 소문이 돌았다. 고향 철원(鐵原)에 있던 부인을 데려오려고 두 번 입국한 일 때문이었는데, 이 과정에서 일제 측의 도움이 있었다는 것이었다. 이 일로1924년 6월 15일 창조파의 중심기관인 국민위원회(國民委員會)로부터 파면과 제명 처분을 받았다. 또한 1924년 10월 박용만은 중국 군벌 풍옥상(馮玉祥)에게 사업을 제안한 일이 있었다. 내몽고에 한인 둔전을 개척하여 경영하겠다는 것이었다. 이 제안을 들은 풍옥상은 일본 측의 양해가 있어야 된다고 하였다. 그러자 박용만은 중국인으로 위장하고 국내로 잠입했다. 이 일에 대해 한인사회에서 박용만의 국내 잠입과정에 총독부와 밀정 김달하(金達河)의 도움이 있었을 것이라는 소문이 있었다. 더불어 1924년 서로군정서(西路軍政署)의 7인 결사대가 길림 일대에서 비밀공작을 벌이던 중 일본군에 붙잡혀 사형당한 일에 대해서도 돈 7천원을 받고 제보했다는 소문이 나돌았다. 변절 혐의와 함께 박용만의 독립운동 노선도 비판을 받았다. 1925년 11월 풍옥상이 장작림(張作霖)에 의해 밀려나면서 새 실권자로 오패부(吳佩孚)가 복귀하자 ‘중국의 희망’이라 칭송하였다. 이어 대립적 위치에 있던 손문(孫文)과 풍옥상에 대한 비판적인 보고서를 미군 당국에 제출하였다. 이러한 비판들은 박용만의 활동에 의구심을 가졌던 인물들과 일제의 분열책이 작용한 부분도 있었으나 무시할 만큼 작은 일은 아니었던 것으로 보인다. 그는 주변 독립운동가들과 한인사회로부터 외면받게 되었다. 1926년 봄 박용만은 약 2만원의 자금을 갖고 하와이에서 돌아와, 대륙농간공사를 중심으로 베이징 교외에 미개간지를 구매·개간하는 일에 집중하였다. 그러나 결국 1928년 10월 17일 베이징 숭문문(崇文門) 밖 대륙농간공사에서 이해명(李海鳴, 李泰龍)·이초헌(李初憲)에게 세 발의 총탄을 맞고 절명하였다. 총격자는 현장에서 붙잡혔으며 두 사람은 재판정에서 자기 신분을 ‘북평(北平)의 한인독립당원’이라 하였다. 1925년에 가입했으며 박용만의 암살은 소속단체에서 사형을 판결하여 총살명령서를 우송해 왔기에 집행한 것이라고 주장하였다. 독립당은 의열단이나 한국독립당관내촉성회연합회(韓國獨立黨關內促成會聯合會)를 가리키는 것이었을 것으로 추정된다. 박용만이 거주한 병마사호동의 거주지는 정확하게 파악되지 않는다. 2002년 비정한 59호와 그 일대는 도시개발로 변화되었으며 현재 현대식 4층 건물이 들어서 있다. 또한 병마사호동의 길 끝에는 도로가 끊어지고 대규모 공사가 시작되었다. 대륙농간공사가 있었던 화시 상2조 거리도 재개발이 이루어졌다. 부근에 오래된 집들이 몇 채 남아 있어 옛 흔적을 엿볼 수 있으나 정확한 위치 비정은 어렵다. 이마저도 현재 개발로 인하여 멸실될 위기에 있다.",없음,없음,없음,"박태원, 『약산과 의열단』, 백양당, 1947. 산숙 편, 『북경시가항명칭록』, 1986. 방선주, 『재미한인의 독립운동』, 한림대 아시아문화연구소, 1989. 북경시당안관 편, ○박용만피살사료○, 『북경당안사료』, 신화출판사, 2002.",Y,"박용만,",없음,없음,0,0,20180102130159_6e03131c49bf5042d1757205f55adb72.jpg,CN00199-003.jpg
CN00407,이육사 순국지,I Yuk-sa’s Site of Death,李陸史の殉○の地,李○史殉○地,1,건물,아시아,중국,베이징,없음,베이징시 동성구 동창호동 28호 내,北京市 ○城○ ○○胡同 28○ 內,39.92083,116.40245,1944년 일제에 붙잡힌 이육사가 순국한 건물,"이육사(李陸史)는 경북 안동에서 출생하였다. 부친 이가호(李家鎬)와 모친 허길(許吉) 사이에서 5형제중 차남으로 태어났다. 국내에서 한학과 신학문을 배웠으며 일본과 중국으로 유학하였다. 1927년 10월 18일 장진홍의 ‘조선은행 대구지점 폭파의거’에 연루되어 옥고를 치렀다. 이때 수감번호가 264번이었기에 호를 육사陸史라고 하였다. 본격적으로 독립운동에 나서기 위해 1932년 중국 난징(南京)에서 김원봉이 군사간부를 양성하기 위해 운영한 조선혁명군사정치간부학교의 제1기생으로 입교하였다. 다음 해 4월 수료 후 국내에 잠입하였다가 붙잡혔으나 증거불충분으로 기소유예되어 풀려났다. 이후 건강이 악화되었으나 저항시인으로써 왕성한 작품활동에 나섰다. 1943년 이육사는 베이징에서 신문보급소를 경영하던 이상호에 집에 머물고 있었다. 그러나 국내로 잠시 들어왔다가 일경에 붙잡히고 말았다. 그는 다시 북경으로 보내져 일본헌병대 감옥에 투옥되었다. 폐병으로 몸이 약했는데, 투옥되면서 병이 심해져 결국 감옥에서 순국하였다. 그의 유해는 친척인 이병희가 수습하여 화장한 뒤 국내에 있던 동생 이원창에게 넘겨졌다. 이육사가 사망한 장소는 기록에 의하면 ‘북경시 내일구 동창호동 1호北京市 內一區 東昌胡同 1○’로 되어 있다. 이 곳은 일본이 패망할 때까지 문화특무기관인 동방문화사업위원회를 두었다. 중국 고서를 수집·변역, 역사유물·유적을 조사, 관련인물의 회유 및 포섭 등 공작을 진행하였다. 이육사가 순국한 곳은 현재 28호로 일본헌병대 베이징본부 부속 형무소가 함께 있었던 것으로 판단된다. 주변지역이 개발로 변화하여 철거 등이 우려되는 바, 지속적인 관심이 필요하다.","I Yuk-sa took the decisive step of studying abroad in Japan in 1924. After he studied at Sun Yat-sen University, he returned to Korea in 1927, but was imprisoned after being implicated in the Patriotic Deed of Jang Jin-hong. From 1932, he went back and forth between Northeast China and Beijing, and entered in the first class of the Korean Revolutionary Military Political Cadre School which opened in Nanjing that year. The next July, he snuck into Korea but was apprehended and released while his indictment was delayed. In 1943, I Yuk-sa stayed at the Beijing residence of I Sang-ho, who managed a newspaper agency, and that same year was arrested while staying for a short time in Korea. He was deported to Beijing and imprisoned in the Japanese General Consulate Building where he died.",李陸史は1924年、日本留○を決行した。中山大○在○中、1927年に○○、「張鎭弘義○」に連座して拘束され○監された。1932年から中○東北地域と北京を往○しながら活動、同年、南京に開○した朝鮮革命軍事政治幹部○校の第1期生として入校した。翌年の7月に○○に○入、逮捕されたが、起訴猶予で○放された。李陸史は1943年○時北京で新聞普及所を○○していた李祥昊の家に留まっていたが、同年末に○○、○○された。北京に移送され、北京駐在日本○領事館監獄で虐殺され殉○した。,李○史于1924年毅然赴日留○。在中山大○○○○程中于1927年回○，受○○弘事件○○被捕入○。1932年○始○往于中○○部地○和北京地○活○，○年○入○○于南京的朝○革命○政治干部○校第一期○○。第二年7月○回○○○被捕，但免予起○○得○放。李○史1943年住在○○在京○○新○普及所的李相虎家中，年末○○回○○被逮捕。他被押送到北京，○○位于北京的日本○○事○○○，○中殉○。,"○ 김희곤, 『이육사 평전』, 푸른역사, 2010. ○ 독립기념관, 『국외독립운동 실태조사보고서』 12, 2012",Y,없음,없음,없음,0,0,20200305050330_7df3c2820ca978ba6ad54d8c7a728de1.jpg,북경 이육사 순국지(동창호동) (1).jpg
CN00408,베이징 한인청년 활동지 (민국대학),없음,없음,없음,2,장소,아시아,중국,베이징,없음,베이징시 서성구 포가가43호 중앙음악학원 일대,北京市 西城○ ○家街43○ 中央音○○院 일대,39.9040368,116.3740633,독립운동가 김성숙 등이 베이징에서 다녔던 학교,김성숙(金星淑)은 1919년 3월 경기도 남양주군 봉선사의 승려로 있을 때 같은 승려인 이순재 등과 함께 비밀리에 독립문서를 만들어 약 200매 정도를 인근 동리에 배포하였다. 격문의 취지는 파리강화회의에서 12개국이 독립국이 될 것을 결정하였으므로 조선도 이 기회를 놓치지 말고 독립운동을 하면 그 목적을 달성할 수 있다는 것이었다. 이 일로 동지들과 함께 일경에 붙잡혔고 1919년 9월 고등법원에서 징역 6월형이 확정되어 옥고를 치렀다. 출옥한 그는 봉선사(奉先寺)로 잠시 되돌아갔으나 곧 전국 각지를 돌아다니며 독립정신을 고취하였다. 국내에서 활동하던 김성숙은 1923년 불교 유학생으로 중국 베이징으로 건너가 민국대학(民國大學)에서 수학하였다. 민국대학은 1916년 채원배(蔡元培)가 세운 학교로 1920년 8월 북경대학(北京大學)의 병설 대학으로 전환되었다. 민국대학은 초기 베이징시 외성 선무문 외 저고영(儲庫營)에 위치하였다가 1923년 순친왕부(醇○王府) 자리로 옮겼다. 김성숙은 정치학과 경제학 공부를 하는 한편 독립운동을 전개하였다. 장건상(張建相) 등과 함께 창일당(創一黨)을 조직하고 동시에 중국 간행물에 많은 글을 발표하였다. 이때부터 김규광(金奎光)이란 이름을 사용하였다. 2012년 조사 당시 민국대학은 극근군왕부(克勤郡王府)와 관련된 것으로 조사되었다. 1917년 극근군왕부에서 학교를 설립하였고 처음 ‘민국학원’이었다가 1923년에 ‘민국대학’으로 개명한 것으로 보았으며 이 학교가 극근군왕부 맞은편의 북경 제2실험소학교라고 추정하였다. 그러나 1920년대 지도와 자료를 검토한 결과 현재 중국 중앙음악학원 자리가 1920년대부터 민국대학이 있었던 곳으로 보는 것이 정확하다.,없음,없음,없음,"○ 蘇甲榮, 『北平市全圖』, 日新輿地學社 ○ 胡丕運, 『舊京史照』 北京出版社 1996. ○ 김성룡, 『불멸의 발자취』, 민족출판사, 2005. ○ 김학준, 『혁명가들의 항일 회상』, 민음사, 2005. ○ 손염홍, 『근대 북경의 한인사회와 민족운동』, 역사공간, 2010. ○ 운암김성숙선생기념사업회, 『운암 김성숙의 생애와 사상』, 선인, 2013.",Y,없음,없음,없음,0,0,20200305060334_62718aa36ccd12c9d01ba0369ad8e10f.jpg,"민국대학 추정지(중앙음악학원, 신규) (1).jpg"
