사적지관리번호,name_kor,사적지명(영문),사적지명(일문),사적지명(중문),등급,종류,대륙,국가,지역,문헌상주소,addr_kor,지역주소,lat,long,means,expl_kor,설명(영문),설명(일문),설문(중문),관계자료,공개여부,인물,단체,사건,연간관람객,예산현황,대표이미지,대표이미지실제파일
1-01-13-0001,상하이 신규식 거주지,없음,없음,없음,1,건물,아시아,중국,상하이,漁陽里 5號,상해시 황포구 남창로 100롱 5호,上海市 ○浦○ 南昌路 100弄 5○,31.22157,121.464132,1911년 신규식이 상하이 망명 후 거주 및 활동했던 건물,"신규식은 1880년 2월 22일 충북 문의군 동면 계산리에서 아버지 신용우와 어머니 전주 최씨 사이에 둘째 아들로 태어났다. 본관은 고령이며, 호는 예관(○觀)이다. 신규식은 향리에서 전통적인 한학교육을 받았다. 이후 1896년 상경하여 1898년 관립한어학교에 입학했다. 하지만 독립협회에 적극 참여하면서 관립한어학교를 정식으로 졸업하지 못했다. 관립한어학교를 그만둔 신규식은 1900년 9월 대한제국 육군무관학교에 입학했다. 이곳에서 전술학·군제학·병기학 등 군사학과 외국어를 비롯한 다양한 신학문을 접했다. 육군무관학교를 졸업한 뒤 1902년 7월 육군보병참위에 임관됐다. 문무를 겸비하고 근대문물과 사상을 습득한 신규식은 육군무관학교 졸업 후 육군 참위로 진위대와 시위대 등에서 수습과정을 마치고 1905년 시위대 제3대대에 배속되었다. 같은 해 일제로부터 을사늑약이 강제되자 신규식은 음독자결을 시도했다. 다행히 집안사람들이 발견하여 생명을 건졌지만, 오른쪽 눈의 시신경이 마비되고 말았다. 1910년 일제에 나라를 빼앗기자 재차 음독자결을 시도했으나, 대종교 종사 나철에 의해 목숨을 건졌다. 신규식은 국외독립운동기지 건설을 위해 중국으로 망명했다. 압록강을 건너 안둥현(安東縣)을 지나 사허진(沙河鎭), 라오양(遼陽), 선양(瀋陽), 산하이관(山海關)을 거쳐 베이징(北京)에 도착했다. 베이징에서 조성환을 만나 당시 중국 정세에 대한 정보를 들었다. 이후 다시 베이징을 출발하여 톈진(天津), 산둥성(山東省), 칭다오(靑島) 등을 거쳐 1911년 봄 상하이(上海)에 안착했다. 신규식은 상하이에서 독립운동을 추진하기 위해서는 먼저 기반을 구축해야 한다고 생각했다. 이에 혁명운동을 전개하던 중국지사들과 적극적인 유대 및 강력한 협력체제를 구축하고자 하였다. 신규식은 이름을 신정(申檉)으로 고치고 쑨원(孫文)의 중국혁명동맹회에 가입한 후 천지메이(陳其美)를 따라 1911년 10월 우창혁명(武昌革命)에 참가했다. 이 과정에서 천지메이의 주선으로 상하이 프랑스 조계지 내 ‘어양리(漁陽里) 5호(號)’에 집을 마련하여 중국 혁명지사들과 함께 활동하였다. 어양리 5호에서 거주하던 시기 맞은편에는 1921년 중국공산당 창당의 주역이자 중앙서기에 선출되었던 천두슈(陳獨秀)가 살고 있었다. 1915년 천두슈는 신문화운동을 위한 『신청년』의 편집장으로 이곳 어양리에서 잡지를 발간했다. 현재 『신청년』을 발간했던 장소가 보존되어 있다. 이 잡지는 본래 『청년잡지』라는 이름으로 1915년 9월 창간됐다가 1916년부터 『신청년』으로 이름을 바꾸었으며 중국사회의 근본적 개혁을 호소했다. 신규식은 중국 혁명지사들과 교류를 통해 상하이 지역에 독립운동의 기반을 닦아 나갔다. 1912년 박은식 등과 함께 독립운동 단체 동제사를 결성했고, 상하이 한인 청년들의 교육을 위해 1913년 프랑스 조계지에 박달학원을 설립했다. 1915년에는 중국인들에 의해 조직된 환구중국학생회에 가입하여 상하이를 거쳐 해외로 유학하는 학생들에게 학교를 알선했고, 1917년 조소앙 등 독립운동가 14명이 상하이에 모여 임시정부 수립을 제의한 「대동단결선언」을 함께 발표했다. 신규식은 1919년 3월 한민족의 독립이 선언되자 대한민국임시정부의 수립을 주도했다. 이후 1922년 지병으로 순국할 때까지 대한민국 임시의정원 부의장에 선임되었고, 대한민국임시정부의 법무총장, 국무총리대리, 외무총장 등을 맡아 독립운동을 이끌어 나갔다.",없음,없음,없음,"『독립신문』 1919년 11월 4일 「國務總理三總長 就任式의 光景」. 강영심, 「신규식의 생애와 독립운동」, 『한국독립운동사연구』 1, 한국독립운동사연구소, 1987. 김준엽 편, 『석린민필호선생약전』, 나남출판, 1995. 강영심, 『시대를 앞서간 민족혁명의 선각자 신규식』, 한국독립운동사연구소, 2010.",Y,없음,없음,없음,0,0,20180115100111_e44ed9e5fdcef0ed3bd34c1ba5703fed.jpg,03 - 신규식거주지 남창로 100-5호 (2)(로고추가).jpg
1-01-13-0002,상하이 윤봉길 의거 협의 장소 (중국기독교청년회관),없음,없음,없음,1,건물,아시아,중국,상하이,八仙橋 大世界 중국기독교청년회관,상해시 황포구 서장남로 123호,上海市 ○浦○ 西藏南路 123○,31.229289,121.474882,1932년 4월 28일 김구와 윤봉길이 훙커우의거를 논의했던 장소,"대한민국임시정부는 한인애국단의 의열투쟁을 통해 독립운동의 활로를 개척했다. 윤봉길의 훙커우공원의거를 통해 독립운동의 대전환을 가져온 것이 바로 그것이었다. 1908년 충청남도 예산군 덕산면에서 태어난 윤봉길은 야학을 개설해 농촌계몽운동을 전개했으며, 1929년에는 월진회를 조직하여 농민의 생활개선을 위해 헌신했다. 이후 1930년 독립운동에 투신하기 위해 망명길에 올랐고, 1931년 중국 상하이(上海)에 도착한 뒤 그해 7월 김구를 찾아가 독립운동에 투신하고자 하는 자신의 뜻을 전달했다. 윤봉길의 간절한 소망은 곧 현실로 이루어졌다. 상하이를 점령한 일본군은 4월 29일 일왕의 생일과 승전을 축하하는 의식을 거행한다는 계획을 세웠다. 이 소식을 들은 김구와 윤봉길은 특무활동을 전개할 수 있는 절호의 기회로 판단하고 거사 계획을 치밀하게 준비했다. 1932년 4월 26일 윤봉길은 상하이 대한교민단 사무실에서 한인애국단에 가입하고 의거 수행을 선서했다. 다음날인 27일 윤봉길은 훙커우공원의거에 앞서 주변지역을 사전 답사했다. 사열대를 만드는 것을 보고 거사에 적당한 위치를 정하기 위함이었다. 그리고 베레루(貝勒路) 동팡공우(東方公寓) 30호로 숙소를 옮겼다. 같은 날 저녁 김구를 만나 사전답사에 대한 이야기를 나눈 뒤 안공근의 집으로 가서 양복을 입고 사진을 찍었다. 이어 김구가 폭탄에 대해 설명을 해주었고 29일 아침에 전달될 것이라고 하면서 4월 28일 중국기독교청년회관에서 다시 만나기로 하였다. 폭탄은 김구의 부탁에 의해 상하이 중국군 병공창의 병기주임 김홍일(당시 王雄으로 활동)이 상하이 병공창에서 비밀리에 준비했다. 4월 28일 정오 윤봉길은 김구와 함께 ‘팔선교(八仙橋) 대세계(大世界)’ 근처인 중국기독교청년회관에서 만나 식사를 하면서 거사를 재차 논의했다. 오후에는 일본인 상점에 들러 시라카와·우에다(植田謙吉) 등의 사진과 행사장에 가지고 갈 일장기를 구입하여 숙소로 돌아왔다. 그리고 저녁에 김구가 다시 찾아와 이력서와 유서를 작성해 달라는 요청을 하자 김구를 위한 시와, 조국 청년들에게 남기는 시, 두 아들에게 남기는 시 각 1편을 작성하여 김구에게 전했다. 4월 29일 거사의 아침이 밝았다. 윤봉길은 김구와 함께 김해산의 집에서 아침을 먹은 후 도시락과 수통형의 폭탄을 건네받았다. 훙커우공원에서 열리는 행사에는 식사가 제공되지 않아 참석자에게 도시락을 지참시켰기 때문이었다. 김구와 이별한 뒤 윤봉길은 택시를 타고 훙커우공원으로 향했고, 7시 50분경 도착하여 정문을 통과하여 입장했다. 훙커우공원에는 상하이에 거주하는 일본인과 일본군을 포함하여 각국의 사절 및 초청자를 포함하여 2만이 넘는 인파가 모였다. 윤봉길은 11시 40~50분경 일본 국가 기미가요의 마지막 소절을 부를 때, 단상으로 접근해 5m거리에서 준비해간 수통형 폭탄을 식단을 향해 투척했다. 폭탄은 정확하게 단상 가운데 떨어져 굉음과 함께 폭발했다. 단상에 도열해 있던 시라카와 대장 등 7명은 중상을 입었다. 특히 ‘상해사변’을 승리로 이끌었고, 일본 육군의 상징과도 같은 시라카와가 처단됐다. 의거 현장에서 윤봉길은 피체되어 일본군법회의에서 사형을 선고받았다. 이후 11월 18일 오사카(大阪) 위수형무소로 옮겨졌고, 12월 18일 가나자와(金澤) 육군형무소로 이감되어 12월 19일 아침 순국했다. 현재 중화기독교청년회관은 원형이 보존되어 있으며, 호텔로 사용되고 있다.",없음,없음,없음,"『국민보』 1944년 11월 8일 「청년의 용기」. 매헌윤봉길전집편찬위원회 편, 『매헌윤봉길전집』 2, 윤봉길의사기념사업회, 2012. 김상기, 『자유의 불꽃을 목숨으로 피운 윤봉길』, 한국독립운동사연구소, 2013.",Y,없음,없음,없음,0,0,20180207100257_5a66675026b4a66cdc5eef17adc274fb.jpg,10 - 팔선교 YMCA중화기독교 청년회관 (5)(로고추가).jpg
1-01-13-0004,대한민국임시정부 상하이 청사 (마랑로),없음,없음,없음,1,장소,아시아,중국,상하이,백래니몽 마랑로 보경리 4호 / 白來尼夢 馬浪路 普慶里 4號,상해시 황포구 마당로 306로 4호,上海市 ○浦○ ○○路 306弄 4○,31.219272,121.46998,대한민국 임시정부가 1926년부터 1932년까지 사용한 청사,"대한민국 임시정부는 1919년 4월 상하이(上海) 프랑스 조계에서 수립된 이래 여러 차례 청사를 이전하였다. 일제의 압박과 재정적인 문제, 프랑스 조계 당국의 청사 폐쇄조치 등이 그 원인이었다. 임시정부는 1919년 8월 초를 전후로 ‘하비로 321호’로 청사를 이전하여 활발한 활동을 전개하였다. 프랑스 조계 당국은 조계 안에서 활동하는 한인독립운동가들에 대해 옹호 내지 보호하는 입장을 취하고 있었다. 하지만 일제의 끊임없는 요구로 인해 1919년 10월 17일 임시정부 청사 폐쇄를 명령하였다. 페쇄 조치에 따라 청사는 폐쇄되고 말았다. 청사 폐쇄 조치에 따라 새로운 임시정부 청사는 마련되지 못했고, 정부 기구는 기관 책임자의 주소지로 분산되었던 것으로 보인다. 이후 재정적인 문제와 활동의 제약 등으로 정부 기구가 모두 모인 청사를 마련하기 어려웠던 것으로 생각된다. 내적인 요인도 작용하였다. 1920년대에 들어서면서 임시정부의 활동은 침체 국면으로 접어들었다. 국제사회에 대한 외교활동이 열강의 외면으로 별다른 성과 없이 끝나자 외교방략에 대한 재검토의 목소리가 높아지기 시작했고, 연통제(聯通制)와 교통국(交通局)이 일제의 탄압으로 붕괴되면서 국내에서 유입되던 인적·물적 자원이 줄어들게 되었다. 더불어 임시정부와 연계되어 있 던 만주와 연해주 지역의 독립운동단체와 서로군정서(西路軍政署) 및 북로군정서(北路軍政署) 등의 독립군이 각지로 흩어지게 되면서 임시정부의 기반이 크게 약화되었다. 마지막으로 임시정부 내부의 갈등, 다시 말해 이승만(李承晩)의 지도력 결핍과 이념과 지역 간의 갈등으로 큰 위기를 맞게 되었다. 이처럼 1920년대 임시정부는 내외적인 요인으로 조직과 운영의 어려움에 봉착했고 침체상태에 빠졌다. 임시정부를 통할해야 할 이승만은 정부가 있는 상하이에 1920년 12월에서 1921년 5월까지 단 6개월만 부임하여 활동했고, 이외 전 기간을 미국에서 임시대통령으로 활동했다. 그마저 그 역할을 제대로 수행해 내지 못했다. 특히 국민대표회의(國民代表會議) 이후 다수의 인사들이 임시정부를 떠나 ‘정부’를 유지하는 것도 힘들어졌다. 임시정부는 지도체제 변경을 통해 활로를 모색했다. 1925년과 1927년 4월 각각 헌법 개정을 통해 정부의 내각을 구성하여 정부의 안정적인 운영의 기초를 다졌다. 임시정부 청사 역시 이러한 시기에 안정적으로 마련되었다. 안정적인 청사를 구성한 시점은 1926년 7월경이었다. ‘백래니몽(白來尼夢) 마랑로(馬浪路) 보경리(普慶里) 4호’에 마련된 청사가 바로 그것이다. 이곳에서 1932년 5월 항저우(杭州)로 이전할때까지 6년 동안 활동했다. 1980년대 후반 임시정부의 청사 건물을 찾기 위한 노력이 본격적으로 시작됐다. 대한민국정부와 상하이시는 연대관계를 맺고 1988년부터 1990년대 초까지 임시정부 유적지를 찾기 위한 공동 조사를 진행했다. 그 결과 ‘상해시 노만구 마당로 306롱 4호(上海市 盧灣區 馬當路 360弄 4號)’가 1926년부터 1932년까지 임시정부가 사용했던 청사 건물이라는 것을 확인하였다. 청사 건물은 1990년 6월 5일 상하이시 노만구(盧灣區)에서 문물보호단위로 지정했고, 1992년 본격적인 복원공사가 추진되었다. 그 결과 한중 양국은 1993년 4월 13일 복구공사 완공기념식을 거행하고 일반인에게 정식으로 공개했다. 전시는 독립기념관의 주도로 이루어졌고, 이후 몇 차례 보완이 이루어졌다. 2015년 광복 70주년을 맞아 독립기념관의 지원으로 전시물을 전면 교체하였다. 2012년에는 노만구가 황포구(○浦區)에 통합되면서 현재 황포구문물보호단위로 지정되어 있는 상태이다. 2019년 관람 동선의 용이성을 위해 매표소 리모델링을 진행하였다. 현재 청사 관리자를 포함한 총 35명의 직원이 근무중이며 입장료는 20원(元)이다. 2018년 관람인원은 20만명이었다. 정기휴일은 없고, 관람 시간은 오전 9시부터 오후 5시까지이며, 점심시간 11시 30분에서 오후 1시 30분까지는 잠시 문을 닫는다.",없음,없음,없음,"국사편찬위원회 편, 『한국독립운동사자료 2 임정편Ⅱ』, 1971. 국사편찬위원회 편, 『한국독립운동사자료 20 임정편Ⅴ』, 1991. 한시준, 「상해의 임시정부 청사 소재지에 관한 고찰」, 『한국근현대사연구』 4. 한국근현대사학회, 1996. 김희곤, 『한국독립운동의역사(대한민국임시정부 Ⅰ - 상해시기)』 23, 한국독립운동사연구소, 2008.",Y,없음,대한민국임시정부,없음,0,0,20180214140227_5e924b29f87c09f3e67bc0436ba99fe4.jpg,상해임정 정면 (1)(로고추가).JPG
1-01-13-0005,대한민국임시정부 상하이 청사 (하비로),없음,없음,없음,1,건물,아시아,중국,상하이,없음,상하이시 황포구 회해중로 651호,上海市 ○浦○ 淮海中路 651○,31.221425,121.461387,대한민국임시정부가 1919년 사용한 청사 터,"1919년 4월 11일 민족의 대표기구이자 독립운동의 중추기관 대한민국 임시정부가 수립되었다. 임시정부는 몇 명의 독립운동가들이 주도하여 주먹구구식으로 수립된 것이 아닌 적합한 절차와 과정을 통해 수립되었다. 국민의 대표를 선출하여 '국회'를 구성하고 성립된 '국회'가 국호(國號)를 결정함과 동시에 '정부'를 수립하고 통치체제와 관제, 그리고 '헌법'을 제정, 반포하는 등 근대적 국가 수립 방식과 흡사하게 진행된 것이 바로 그것이다. 1919년 3월 1일 독립을 선언한 이후 '독립국'을 세우기 위해 국내외에서 활동하고 있던 다수의 인사들이 중국 상하이(上海)로 모였다. 이들 중 각 지역을 대표하는 29명이 4월 10일과 11일 양일간 국가와 정부를 수립하기 위한 회합을 가졌다. 이동녕(李東寧)을 포함한 29명의 대표들은 임시정부 수립을 위한 활동을 전개했다. 먼저 '회의체'의 명칭을 '대한민국 임시의정원'으로 결정했다. 임시정부 수립을 위한 절차로 임시의정원을 구성하고 이를 근거로 임시정부를 수립하고자 했던 것이다. 이어 무기명 단기식투표로 초대 임시의정원 의장과 부의장, 서기 등을 뽑았다. 그 결과 이동녕이 임시의정원 의장으로 손정도(孫貞道)와 이광수(李光洙)·노백린(盧伯麟)은 각각 부의장과 서기에 선출되었다. 이로써 임시정부 수립을 위한 '제헌국회'가 조직되었다. 임시의정원은 곧바로 임시정부 수립을 위한 회의를 개최하였다. 첫 회의는 의장으로 선출된 이동녕이 주재하였다. 이동녕의 사회로 진행된 제1회 임시의정원 회의에서 가장 먼저 논의된 사항은 국호(國號)였다. 이는 신석우(申錫雨)의 동의와 이영근(李渶根)의 재청으로 '대한민국'으로 결정되었다. 다음으로 대한민국을 유지하고 운영하기 위한 정부조직 구성과 정부 내각 구성원을 선발하였다. 임시의정원 회의에서는 국무총리를 행정수반으로 삼고 국무원에 내무 외무 법무 재무 군무 교통 등 6부를 두도록 결의하였다. 또한 국무총리 이승만(李承晩), 내무총장 안창호(安昌浩), 외무총장 김규식(金奎植), 법무총장 이시영(李始榮), 재무총장 최재형(崔在亨), 군무총장 이동휘(李東輝), 교통총장 문창범(文昌範) 등 행정부서의 책임자와 차장을 선출했다. 이로써 1919년 4월 11일 국호를 대한민국으로 하는 임시정부가 수립되었다. 임시정부 수립은 한민족 역사에서 중요한 의미를 가지고 있다. 우선 대한제국에 이어 '대한민국'이란 국가를 수립했다는 점이다. 한민족은 반만 년 가까운 역사를 유지해오면서 많은 국가를 수립했고, 1910년 대한제국 멸망 후에도 9년 만에 대한민국이라는 국가를 세웠다. 둘째는 헌법인 「대한민국임시헌장」 제1조에 ""대한민국은 민주공화제로 함""이라 하여, 처음으로 국민이 주권을 갖는 민주공화제 정부를 수립하였다는 점을 들 수 있다. 이로써 한국민족의 역사가 군주주권에서 국민주권으로, 전제군주제에서 민주공화제로 바뀌게 되었다. 임시정부에게는 역할과 임무가 있었다. 국가와 정부로서 역할, 그리고 독립운동을 통할하고 지휘해야 하는 임무가 그것이다. 대한제국이 멸망한 후 한민족은 국가와 정부 없이 일제의 식민지 지배를 받고 있었다. 이러한 상태에서 민족을 대표하는 국가와 정부라는 역할이 부여되었다. 대한제국의 멸망과 함께 한민족은 국내외 각지에서 빼앗긴 국토와 주권을 되찾기 위한 독립운동을 전개하고 있었다. 국내외 각지에서 전개되고 있는 독립운동을 총괄하고 관리하는 것도 임시정부가 수행해야 할 사명이었다. 임시정부는 1919년 4월 11일 상하이 프랑스 조계에서 수립되었다. 임시정부가 최초로 청사를 마련한 장소는 김신부로(金神父路)였다. 청사는 임시정부 각료들이 모여 정부의 제반사항 및 독립운동을 총괄하는 지휘부 역할을 담당했던 상징적인 공간이었다. 임시정부는 최초 청사를 마련한 이후 재정적인 문제와 일제의 압박, 프랑스 조계 당국의 폐쇄조치 등의 이유로 소재지를 자주 이전하였다. 나아가 1932년 윤봉길의 홍구공원의거와 1937년 중일전쟁 발발 등의 이유로 상하이를 떠나 중국 각지로 청사를 옮겨야 했다. 항저우(杭州) → 전장(鎭江) → 난징(南京) → 창사(長沙) → 광저우(廣州) → 류저우(柳州) → 치장(○江) → 충칭(重慶) 등지로 이동하면서 청사를 마련하고 독립운동을 전개한 것이 그것이었다. 임시정부는 1919년 4월 수립 이후 1932년까지 약 13년 간 상하이 프랑스 조계지 안에 청사를 두고 활동했다. 하지만 임시정부가 1919년 사용한 청사의 위치는 분명하게 밝혀져 있지 않다. 청사로 확인되는 곳은 1919년 4월 17일 사용된 것으로 보이는 '하비로 460호'이다. '하비로 460호'는 임시정부가 수립되고 일주일 후에 마련한 청사였다. 그러나 실제로 이곳에 청사를 두고 활동했는지는 파악할 수 없으며 머물렀던 기간도 알 수 없다. 2018년 김광재에 의해 1919년 임시정부가 사용했던 청사의 위치가 규명되었다. 잘 알려진 2층 양옥건물에 태극기가 게양된 청사 건물의 위치를 찾아낸 것이 바로 그것이다. 1919년 8월 초를 전후로 사용한 것으로 보이는 임시정부 청사는 '하비로 321호'에 위치해 있었다. 그동안 하비로 321호가 임시정부 청사로 사용되었다는 사실은 자료를 통해 규명되었으나, 프랑스 조계의 확장과 지번 변화로 위치를 비정하지 못했다. 김광재는 독립운동가 신순호(申順浩)가 소장하고 있던 청사 사진 캡션과 1920년에 간행된 상하이 프랑스조계 지도(French Concession : Extention)를 발굴하여 321호의 위치를 비정하였다. 이러한 노력에 힘입어 비교적 완벽한 청사의 형태를 지닌 2층 양옥 건물에 태극기가 게양된 임시정부 청사가 하비로 321호임이 확인되었다. 하비로 321호 임시정부 청사 건물은 모두 철거되었고, 그 자리에 H&M 상점 건물이 들어서 있다. 하비로 321호는 현재 회해중로 651호 부근이다. 흔적은 사라졌지만, 임시정부 청사라는 상징성을 감안하여 표지석 설치 논의가 필요하다.",없음,없음,없음,없음,Y,없음,없음,없음,0,0,20200729160750_f15f4928d591c58d0073b9740d228dca.png,untitled.png
1-01-13-0006,상하이 독립임시사무소 터,없음,없음,없음,1,건물,아시아,중국,상하이,없음,상하이 황포구 회해중로 717호 일대,上海市 ○浦○ 淮海中路 717○ 일대,31.221192,121.460343,1919년 3·1운동 직후 독립운동의 ‘최고기관’ 수립을 준비하기 위해 상하이에 설치한 기구인 독립임시사무소 터,"1919년 3월 1일 한민족의 독립이 선포되었다. 독립이 선언되자 이에 조응하는 '독립국', 즉 독립운동을 조직적이고 체계적으로 이끌어 갈 '최고 지도기관'을 수립하려는 움직임이 일어났다. '최고지도기관'을 수립하기 위해서는 독립운동가들이 한 자리에 모여 논의할 수 있는 임시기구가 필요했다. 중국 상하이(上海)에 마련된 독립임시사무소(獨立臨時事務所)가 바로 그것이었다. 3○1운동 직후 중국 상하이에 조직된 독립임시사무소의 역할은 크게 세 가지였다. 3○1운동 소식을 파리강화회의와 국외 교포들에게 선전하는 일과 국내외 주요 민족운동단체의 대표자들을 상하이로 결집시켜 독립운동의 향후 진로를 모색할 수 있도록 주선하는 일, 마지막으로 독립운동을 통일적으로 지도할 수 있는 ‘최고 지도기관’을 조직하는 것이었다. 독립임시사무소의 조직과 운영에는 다수의 독립운동가들이 참여했다. 국내 3○1운동의 주도세력이었던 민족대표들이 파견한 현순(玄楯)과 상하이 여운형(呂運亨)을 포함한 신한청년당(新韓靑年黨)의 대표자들, 미주에서 건너온 여운홍(呂運弘)과 일본에서 2○8독립선언을 준비하던 중 건너온 이광수(李光洙)와 최근우(崔謹愚) 등이었다. 이중 현순은 독립임시사무소의 조직과 운영에 커다란 역할을 담당했다. 그는 1919년 2월 17~18일경 3○1운동 준비를 위한 논의 과정에 참여하였다. 이승훈(李昇薰)과 함태영(咸台永)·이갑성(李甲成) 등이 모인 이 회합에서는 독립선언, 그리고 일본정부 및 조선총독부에 건의서 송부를 결의했다. 이 과정에서 각국에 독립청원 문서 발송에 대한 필요성이 제기되었다. 민족대표들은 이를 위해 상하이로 대표를 파견하기로 결정했는데, 그가 바로 현순이었다. 또한 현순은 국내 출발 당시 이승훈으로부터 받은 2,000원을 독립임시사무소의 설치와 운영에 필요한 자금을 제공하였다. 국내 민족대표가 파견한 대표자라는 상징성과 활동에 필요한 자금 지원은 현순이 독립임시사무소의 총무로서 주도적으로 활동할 수 있었던 배경이 되었다. 현순은 독립임시사무소의 총무에 선임되었다. 그는 상하이 주재 각국 공관에 「독립선언서」를 배포하고 국내 독립운동의 상황을 현지 언론에 알렸다. 신한청년당이 2월에 파견한 파리강화회의 대표 김규식과 미국에서 활동하던 이승만에게도 소식을 전달했다. 이와 동시에 독립운동의 ‘최고 지도기관’ 수립을 위한 논의가 진행되었다. 3월 26~27일경 상하이 프랑스 조계에 있던 한 예배당에서 독립운동을 이끌어갈 ‘최고 지도기관’ 수립을 위한 회의가 열렸다. 독립임시사무소에 참여했던 인사들도 대부분 이 회의에 참여했다. 참석자들 대부분은 ‘최고 지도기관’ 조직을 주장하였다. 반면 현순과 이광수는 즉각적인 조직에 반대했다. 이들은 ‘최고 지도기관’ 조직에는 동의했다. 다만 민족대표 3인의 의사를 들어봐야 한다고 주장하였다. 민족대표의 의사 없이 ‘정부’를 조직하면 미주나 만주지역 등지의 한인들이 모두 ‘정부’수립을 추진했을 때 막을 명분이 없다는 것이 주요 논리였다. 따라서 이들은 서울에 파견했던 사람이 돌아올 때까지 기다리자는 입장을 취하고 있었다. ‘최고 지도기관’ 조직체의 성격과 형태를 놓고도 이견이 있었다. ‘최고 지도기관’의 형태를 ‘임시정부’ 또는 ‘정당’으로 할 것인지를 놓고 논쟁을 전개한 것이 그것이다. 전자는 현순과 최창식 등이 주장한 것으로 국내외 동포들이 ‘임시정부’의 출현을 기대하고 있고, ‘임시정부’를 조직함으로써 공개적인 지원을 획득하여 효율적인 독립운동을 전개할 수 있다는 논리였다. 후자는 주권과 영토 및 인민을 갖지 못한 상태에서 ‘정부’ 형식에 집착하기보다 ‘정당’을 조직하는 것이 현실에 부합하는 것이라고 역설했다. 이를 주장한 인물은 여운형과 이광수 등이었다. 독립임시사무소 구성원들은 ‘최고 지도기관’ 수립 문제를 해결하고자 했다. 이를 위해 이동녕(李東寧)·이시영(李始榮)·조소앙(趙素昻)·이광(李光)·조성환(曺成煥)·신석우(申錫雨)·이광수·현순 등으로 구성된 ‘8인 위원회’를 조직하였다. 이중 이동녕 등 5명은 러시아 연해주와 만주에서 함께 건너온 인물들로 ‘임시정부’ 수립을 주장한 부류였다. ‘8인 위원회’는 다수의 회의를 통해 ‘최고 지도기관’수립을 위해 노력했지만, 상호간의 이견을 좁히지 못했다. 이후 국내와 연계가 어렵게 되자 독자적인 수립을 추진하기도 했다. 4월 초순 이동녕과 이시영·이회영(李會榮)·신헌민(申憲民)·신규식·신채호(申采浩)·조성환(曺成煥)·조소앙·이광수·이광·현순 등이 상하이 남경로(南京路) 여관에서 회합하 ‘임시정부’ 조직안을 토의한 것이 바로 그것이다. 하지만 이 역시 합의하지 못하고 산회하고 말았다. 1919년 4월 ‘임시정부’ 수립을 위한 움직임이 빨라졌다. 3월 17일 서울에서 이갑성(李奎甲)과 홍면희(洪冕憙) 등이 모여 정부 수립 문제를 논의하였고, 4월 2일 인천 만국공원에서 13도(道) 대표자대회를 열고 임시정부 수립을 공포하기로 의견을 모았다는 소식이 상하이에 전해졌기 때문이었다. 러시아 우스리스크에서 수립된 대한국민의회가 3월 17일 내외적으로 공표된 사실 역시 한 요인이었다. 이러한 소식이 전해지자 다수의 독립운동가들과 함께 수많은 논의가 진행되었다. 그 결과 ‘임시의회’를 수립하기로 결정하였다. 마침내 1919년 4월 10일 상하이 프랑스 조계 김신부로(金神父路)에서 회합을 가졌다. 회합에는 각 지방 출신 대표 29명이 참석했다. 회의의 명칭은 ‘임시의정원(臨時議政院)’으로 정하고 회의를 이끌어갈 의장과 부의장을 선출하였다. 그리고 ‘임시정부’ 수립을 위한 회의가 열렸다. 이로써 독립임시사무소는 그 역할을 마치고 해소되었다. 독립임시사무소는 중국 상하이 프랑스 조계 보창로(寶昌路) 329호에 설치되었다. 이곳에서 ‘최고지도기관’, 즉 대한민국 임시정부 수립에 산파 역할을 담당했다. 그동안 보창로 329호가 독립임시사무소로 사용되었다는 사실은 임시정부의 공식자료인 『한일관계사료집(韓日關係史料集)』과 일제 측이 작성한 『조선민족운동연감(朝鮮民族運動年鑑)』 등의 자료를 통해 규명되었다. 역사적으로 중요한 장소임에도 프랑스 조계의 확장과 지번의 변화로 정확한 위치를 비정하지 못하고 있는 형편이었다. 최근 독립임시사무소의 위치를 명확하게 비정한 연구성과가 나왔다. 김광재는 1920년에 간행된 상하이 프랑스 조계 지도를 발굴하여 보창로 329호 독립임시사무소 자리를 입증하였다. 보창로 329호 독립임시사무소 터는 현재 지하철 13호선 회해중로역 1번 출구 맞은편 회해중로 717호 부근이다. 당시 건물은 모두 사라져 흔적을 찾을 수 없다. 임시정부 수립에 중요한 역할을 담당했던 장소로서 역사적 가치가 높은 곳이다.",없음,없음,없음,없음,Y,없음,없음,없음,0,0,20200226100231_f97ea38e8615e071d32537aa95a61308.jpg,독립임시사무소 터 (1).jpg
2-01-13-0001,상하이 한인집회장소 (부흥공원),없음,없음,없음,2,장소,아시아,중국,상하이,없음,상해시 황포구 부흥중로 516호,上海市 ○浦○ ○○中路 516○,31.217695,121.465935,상하이 프랑스 조계지 내에서 독립운동가들의 집회장소로 활용된 장소,"푸싱공원(複興公園)은 원래는 구(顧)씨 가문 소유의 밭이었다가 개인 화원으로 만들어 ‘구씨네화원’ 이라고도 불렸다. 1900년에 프랑스가 이 화원과 주변의 땅을 매입하여 프랑스 군대의 주둔지로 활용했다. 1908년 7월 1일 프랑스의 원예가 파포트(Papot)가 이곳을 공원으로 변화시켰다. 1년 후 공원으로 완성된 후에는 ‘구씨네공원’ 또는 ‘프랑스공원(French park)’이라고도 불렸다. 1910년 초 프랑스인이 책임지고 공원 조경을 다시 꾸몄으며, 1928년 이후에는 중국인이 공원 관리인으로 채용되기도 했다. 1943년 왕징웨이(汪精衛) 정권이 상하이 조계를 접수한 후 이름을 대흥공원(大興公園)으로 바꾸었으며, 1946년 다시 부흥공원으로 정했다. 중국의 항전 승리 후 민족 부흥이라는 뜻으로 명명했다고 한다. 이곳은 임시정부 요인 활동지 및 거주지와 인접해 있어 많은 인사들이 이곳에서 독립을 논하였으며, 사진촬영장소로 활용됐다.",없음,없음,없음,"朱敏彦·王孝泓, 『上海名○志』, 上海○○出版社, 2007.",Y,없음,없음,없음,0,0,20180111140149_ae97940572f8ac3c4f95ba1bbb445642.jpg,31 - 부흥공원 (1)(로고추가).jpg
2-01-13-0002,상하이 이유필 거주지 터,없음,없음,없음,2,장소,아시아,중국,상하이,霞飛路 寶康里 54號,상해시 황포구 회해중로 333호 일대,上海市 ○浦○ 淮海中路 333○ 일대,31.224677,121.469077,교민단장 겸 인성학교 교장을 역임한 이유필이 1920년대 중반 거주하였던 곳,"중국 상하이(上海)에서 대한민국임시정부 요인으로 활동한 이유필의 거주지이다. 또한 1932년 4월 29일 윤봉길의 훙커우공원(虹口公園)의거로 안창호가 일제경찰에 의해 피체된 장소이기도 하다. 이유필은 평북 의주 사람으로 경술국치를 전후하여 신민회에 참여했다. 이후 이른바 ‘데라우치(寺內) 총독암살음모사건(일명 105人事件)’에 관련되어 전남 진도에 1년간 유배당했다. 1919년 3·1운동이 일어나자 고일청·조봉길 등 한인관리들과 동맹퇴직을 결의하고 상하이로 망명했다. 이후 교민단, 의사원, 대한민국임시정부 조사원, 내무부 비서국장 등의 책임을 맡았다. 1920년에는 안창호와 대한민국임시정부 선전위원회를 설치했다. 1921년에는 대한민국 임시의정원 의원에 선임되었고, 다음해 임시의정원 부의장에 선출되어 1926년 2월까지 의정활동을 전개하였다. 이후 내무총장과 재무차장·국무원, 그리고 1933년까지 임시정부의 주요 인사로 활동했다. 이밖에 1921년 독립운동과 한중(韓中) 양국의 우호 증진을 위해 결성된 한중호조사(韓中互助社) 설립에 참여했다. 1922년에는 김구·여운형·최석순 등과 독립운동 단체 한국노병회(韓國勞兵會)를 조직하여 이사 겸 경리부장에 임명됐다. 이후 상하이 교민단장에 선출되어 민단에서 경영하는 인성학교 교장에 취임하여 교사(敎舍), 교칙(校則) 등을 쇄신·보완하고, 1927년까지 동교 교장으로 후진양성을 위한 육영에 전념했다. 1930년 3월에 상하이·난징(南京)·베이징(北京)·광저우(廣州) 등지의 독립운동가들과 한국독립당을 조직하고 총무이사에 선출됐다. 한국독립당의 기관지인 『上海新聞』 사장에 취임하여 차리석·이수봉·박창세 등과 함께 선전활동에 나섰다. 1933년 3월 9일 상하이 핀반루(品班路)에서 일본헌병에 피체되어 3년형을 받았다. 1945년 11월 29일 청단(靑丹)에서 심장마비로 별세했다. 이유필은 1920년대 중반 상하이 교민단을 이끌면서 1932년 윤봉길의거가 일어날 때까지 이곳에서 거주했다.",없음,없음,없음,"○ 이준영, 「아버지(이유필)를 생각한다」, 『북한』 제2호, 1972. ○ 이현희, 『춘산 이유필 연구』, 동방도서, 1994. ○ 국사편찬위원회 편, 『대한민국임시정부자료집(관련단체Ⅰ)』 28, 2009. ○ 국사편찬위원회 편, 『대한민국임시정부자료집(관련단체Ⅰ)』 31, 2009. ○ 김효숙, 『상해 대한민국 임시정부와 나(미간행본)』(1996, 백범김구기념관 소장).",Y,없음,없음,없음,0,0,20171213141222_4e1bd51b573e09077c474711262001de.jpg,"09 - 보강리 김시문, 이유필, 김붕준 거주지 (1)(로고추가).jpg"
2-01-13-0003,상하이 김붕준 거주지 터,없음,없음,없음,2,장소,아시아,중국,상하이,霞飛路 寶康里 65號,상해시 황포구 회해중로 333호 일대,上海市 ○浦○ 淮海中路 333○ 일대,31.224677,121.469077,1932년 당시 김붕준 가족이 거주하였던 곳,"김붕준은 1919년 중국 상하이(上海)로 망명한 이래 대한민국임시정부와 독립운동 단체에서 독립운동 세력의 통합과 독립을 위해 진력한 인물이었다. 그는 1888년 평남 용강에서 출생했다. 이후 상경하여 1908년 보성중학교에 입학했고, 신민회와 청년학우회에서 활동했다. 1919년 서울에서 3·1운동을 주도하고 중국 상하이로 망명한 뒤 대한민국임시정부 수립에 참여했다. 이후 군무부장·대한민국 임시의정원 의원·임시국무원 비서장 등 핵심적인 역할을 담당했다. 특히 1920년대 후반 민족유일당운동이 결렬된 후 민족주의 인사들과 함께 한국독립당을 창당하고 광동지부 대표를 맡아 대한민국임시정부를 유지·옹호하는데 앞장섰다. 1930년대에는 김구를 비롯한 대한민국임시정부 인사들과 한국국민당을 창당하여 위기의 임시정부를 지켜냈다. 1928년 상하이에 거주하고 있던 한인으로 구성된 대한인교민단의 5대 단장으로 취임했다. 1930년에 상하이의 한인학교인 인성학교의 제3대 교장에 피선되어 혁명청소년을 육성하였고, 같은해 대한민국임시정부의 기관지 『독립신문』의 경영을 맡았다. 중국 충칭(重慶)에 정착한 뒤 김붕준은 임시의정원 의장에 선임되어 좌우익의 합작과 독립운동세력의 통합에 앞장섰다. 이후 ‘통합 한국독립당’을 떠나 중도적인 인사들과 함께 신한민주당을 결성하여 좌우익 통합을 강력히 추진했다. 1945년 광복을 맞아 환국하여 자주적이고 통일적인 국가 수립을 위해 진력했고, 1950년 납북된 뒤 서거했다. 원래 이 집은 박석홍이라는 사람이 동신공사를 설립하여 인삼과 해산물 등을 판매하던 곳이었다. 그러나 영업이 어려워지면서 김붕준에게 가게를 넘기고 국내로 귀국했다. 김붕준은 이곳에서 1932년 4월 윤봉길의 훙커우공원(虹口公園)의거가 일어나기까지 거주하였던 것으로 추정된다. 훙커우공원의거가 일어나자 일제경찰이 장남인 김덕목과 박화산·차균찬·이달문을 피체한 장소이기도 하다.",없음,없음,없음,"김효숙, 『상해 대한민국 임시정부와 나(미간행본)』(1996, 백범김구기념관 소장). 이재호, 「김붕준의 중국에서 독립운동」, 『안동사학』 13, 2008. 이명화, 「당헌(棠軒) 김붕준의 생애와 독립운동」, 『순국』 267호, 2013.",Y,없음,없음,없음,0,0,20171213141229_1734314ce999f53cfed546b440bb3e46.jpg,"09 - 보강리 김시문, 이유필, 김붕준 거주지 (1)(로고추가).jpg"
2-01-13-0004,상하이 김문공사 터,없음,없음,없음,2,장소,아시아,중국,상하이,霞飛路 339號,상해시 황포구 회해중로 333호 일대,上海市 ○浦○ 淮海中路 333○ 일대,31.224677,121.469077,독립운동 자금을 지원하고 상하이 한인사회를 이끌었던 김시문이 운영하던 상점이 있었던 곳,"김시문은 경기도 개풍군에서 김동진의 외아들로 태어났다. 어린 시절 마을 서당에서 한문을 배웠다. 경술국치 이후 그는 식료품가게를 개업하여 장사를 시작했으며, 야간에는 창신학교를 다녔다. 1916년 식료품 가게를 정리하고 중국 상하이(上海)로 건너갔다. 상하이 프랑스조계 베레로에서 구두를 수선하는 일과 인삼행상을 했다. 1919년 4월 대한민국임시정부가 수립되고, 그해 기관지 『독립신문』이 창간되면서 독립신문사 사무원 겸 식자공으로 일했다. 다음해에는 『동아일보』, 『조선일보』, 『개벽』 등을 통신·판매했다. 1922년 김시문은 그동안 모은 돈으로 ‘霞飛路 339號’에 자신의 이름을 단 김문공사(金文公司)라는 잡화점을 개업했다. 김문공사는 한국에서 수입한 사과·인삼 등의 특산물과 각종 식료품을 판매했다. 가게가 점차 번화하자 옆 건물인 ‘霞飛路 337호'도 인수하여 확장했다. 김시문은 직접적으로 독립운동에 나서지는 않았지만, 지속적으로 독립운동에 필요한 재정을 지원했다. 인삼 판매대금의 일부를 정기적으로 대한민국임시정부의 김구, 또는 독립운동 진영에 제공한 것이 바로 그것이다. 대표적으로 1925년 재정부족으로 휴간상태에 있던 『독립신문』을 인수해 제187호부터 제190호까지 발행했고, 다음해 대한교민단 제7회 의사원 총선거 때 의사원 15인의 한사람으로 선출되어 침체에 빠진 임시정부를 살리기 위한 임시정부경제후원회 설립에 참여했다. 이 밖에도 독립운동가들에게 경제적 지원을 아끼지 않았다. 상하이 일본총영사관 폭파를 시도하다 실패하여 항저우(杭州)로 피신하던 의열단 단원 나창헌과 병인의용대 대원이었던 고준택·김석룡 등을 경제적으로 지원한 사실이 이를 증명한다. 김문공사는 주변에 독립운동가들이 모여 살아 모임 장소로 활용되었고 상하이로 처음 오는 한인들을 안내하고 정착을 도와주는 곳으로 활용됐다.",없음,없음,없음,"김효숙, 『상해 대한민국 임시정부와 나(미간행본)』(1996, 백범김구기념관 소장). 김광재, 「상인독립군 김시문의 상해 생활사」, 『한국민족운동사연구』 64, 한국민족운동사학회, 2010. 김광재, 『어느 상인독립군 이야기』, 선인, 2012.",Y,김시문,없음,없음,0,0,20171213131226_cdc0f40de27d819bdfbe90d22122290b.jpg,"09 - 보강리 김시문, 이유필, 김붕준 거주지 (1)(로고추가).jpg"
2-01-13-0005,상하이 흥사단원동임시위원부,없음,없음,없음,2,건물,아시아,중국,상하이,霞飛路 1014弄 29號 2층,상해시 포동신구 회해중로 1270호 30,上海市 浦○新○ 淮海中路 1270號 30,31.2165,121.446793,상하이(上海)에서 안창호 및 흥사단 원동임시위원부가 활동하였던 건물,"1920년대 중국 상하이에서 독립운동 단체 흥사단(興士團)의 원동(遠東) 지부격인 흥사단원동임시위원부가 결성됐다. 흥사단은 1913년 5월 안창호에 의해 창립된 단체로 미국 샌프란시스코에서 조직되었다. 명칭은 1907년 유길준이 설립한 계몽운동 단체 흥사단에서 유래했다. 1919년 안창호는 상하이의 대한민국임시정부에 참여했다. 내무총장겸 국무총리 서리로 취임한 그는 ‘정부’의 조직 강화와 기반을 마련하기 위해 독립운동 일선에 투입·활약해 줄 청년 인재들이 필요하였다. 이에 안창호는 미주에 있는 흥사단원 박선제와 김항작을 상하이로 불렀다. 1920년 1월 상하이에 도착한 이들은 인재들을 모으기 위한 활동을 전개했다. 상하이 주요 인사들에게 흥사단 약법을 인쇄·배포하면서 흥사단의 주의와 취지를 선전한 것이 그것이었다. 그 결과 1920년 2월부터 많은 청년들이 흥사단에 입단하기 시작했다. 초기 흥사단원으로 가입한 이들은 주로 상하이 지역에 조직되었던 신한청년당 당원들이었다. 이를 토대로 같은 해 12월 29일 상하이에서 흥사단 대회를 처음 개최하고 조직력을 강화해 나갔다. 이후 1921년 9월 미주의 흥사단을 본부로 하고 국내를 포함한 중국·연해주·일본을 관할로 하는 흥사단원동임시위원부라는 명칭으로 정식출범하였다. 흥사단원동임시위원부는 중국에서 한민족의 독립을 최고 목표로 하는 독립운동 실천에 주력했다. 흥사단원동임시위원부는 처음 ‘모이명로 빈흥리(慕爾鳴路 彬興里) 301’호에 사무실을 마련했다. 1924년 3월에는 난징(南京)에 동명학원(東明學院)이 설립되자 ‘남경(南京) 관가교(管家橋) 태평항(太平巷) 6호’에 사무실을 이전했다. 그러나 난징에서 계엄령이 선포되어 집회가 허용되지 않자 1925년 1월 원동대회를 마친 뒤 다시 상하이 ‘하비로(霞飛路) 대덕리(大德里) 1,014롱(弄) 30호’로 옮겼다. 이후 잠시 ‘미인리(美仁里) 10호’를 사용하다가 1929년부터는 ‘하비로(霞飛路) 1,014호 26호’를 사무소로 사용했다.",없음,없음,없음,"흥사단운동70년사 편찬위원회, 『흥사단운동 70년사』, 흥사단출판부, 1986. 이명화, 『도산 안창호의 독립운동과 통일노선』, 경인문화사, 2002. 대한민국임시정부기념사업회 편, 『프랑스소재 한국독립운동 자료집』 1, 2006. 국사편찬위원회 편, 『대한민국임시정부자료집』 28, 2008.",Y,없음,흥사단,없음,0,0,20180112110139_7b12a6dd076392740dc26ccc177312c5.jpg,38 - 흥사단 원동위원부 1930년대 (1) 입구(로고추가).jpg
2-01-13-0006,상하이 ‘3.1독립선언일’기념식장 터(올림픽대극장),없음,없음,없음,2,장소,아시아,중국,상하이,靜安寺路 올림픽大劇場,상해시 정안구 남경서로 762호,上海市 ○安○ 南京西路 762○,31.233012,121.457932,1920년 대한민국임시정부에서 ‘3·1독립선언일’ 기념식을 거행했던 곳,"대한민국임시정부는 수립 이후 잊지 않고 기억해야하는 날과 기릴만한 날, 그리고 국가의 경사스러운 날을 국경일로 정하여 이를 기념하는 사업을 전개했다. 국경일 제정과 이를 위한 기념식을 거행하는 일은 큰 의미를 가지고 있다. 대한민국임시정부가 ‘국가의례’를 주최할 만큼 ‘자주독립국가’로서 자격을 갖추고 있음을 증명하는 것이기 때문이었다. 국경일 문제가 처음 논의된 것은 1919년 12월 1일 열린 국무회의에서였다. 국무회의를 통해 국경일과 국경일 명칭안의 입안이 결정되었고, 이를 대한민국 임시의정원에 입안하였다. 그 결과 임시의정원의 결의를 거쳐 3월 1일을 독립을 선언한 ‘독립선언일’로 제정했다. 이를 근거로 내무총장 이동녕은 1920년 2월 1일 「내무부 포고 제1호」로 ‘3·1독립선언일’ 1주년 기념식을 준비했다. 그리고 같은 달 21일에는 대통령 명의의 교령(敎令)을 통해 기념식 거행을 촉구했다. 이로써 1920년 ‘3·1독립선언일’ 기념식이 올림픽 대극장에서 거행됐다. 1920년 3월 1일 오후 2시 상하이 징안스루(靜安寺路) 소재 올림픽 대극장에서 거행된 ‘3·1독립선언일’ 기념식 행사는 대한민국임시정부 각료들과 거주 한인들이 대거 참석했다. 이날 안창호는 “과거 1년간 일본인은 이날을 무효화하려 하였고, 우리는 이날을 유효하게 하려 싸웠소. 일본인의 최대 문제는 이날을 무효로 돌리는 것이고, 우리의 최대 의무는 이날을 영원히 유효하게 함이외다. … 그러기 위하여 우리는 작년 3월 1일에 가졌던 정신을 변치 말고 잊지 말자 함이요”라고 연설했다. 『독립신문』에도 3·1절 특집으로 특별호를 발간하여 당시 행사에 대해 “금일상해민단에서는 정안사로 올림픽 대극장에서 독립선언 기념 대축하회를 연다는데 선언서 낭독식, 상기식 등이 잇슬지오. 국무원 이하 우리 정부 직원, 개회 중인 의정원 의원, 기타 각료 … 상해 거류민은 전부 출석할지오. 몇몇 외빈에게도 청장을 발하엿는데 선언 제일회 기념일뿐더러 임시정부 소재지의 축하식인 고로 장엄을 극하리라”라는 기사를 실었다. 대한민국임시정부에서 ‘3·1독립선언일’을 국가기념일로 제정하고 기념행사를 거행한 것은 1919년 3월 1일 독립국임을 천명하며 선포된 독립선언을 계승하여 대한민국임시정부가 세워졌다는 것을 국내외에 알리는 것이었다. 또한 독립운동 지도기관으로서 역할을 수행하려는 의지의 표출이며, 민족의 단결과 각오를 다짐하는 행사로써 진행했던 것이다. ‘3·1독립선언일’ 기념식은 대한민국임시정부가 수립된 직후부터 환국할 때까지 거행되었으며, 1949년 10월 1일 국경일에 관한 법률(법률제53호)을 근거로 대한민국 정부에 의해 국경일로 공포됐다.",없음,없음,없음,"『독립신문』 1920년 3월 4일 「상해의 삼일절」. 한상도, 「독립운동 세력의 3·1운동 인식과 계승의식」, 『한국독립운동사연구』 13, 한국독립운동사연구소, 1999.",Y,"이동녕, 안창호",대한민국임시정부,3.1독립선언일,0,0,20171206131247_7836d8f67f90e587bf69b025ecf41aac.jpg,43 - 3 1운동 기념식장 추정지-남경서로 742 - 201(정안사로) (2)(로고추가).jpg
2-01-13-0007,상하이 김성숙 활동지 (중국좌익작가연맹),없음,없음,없음,2,건물,아시아,중국,상하이,없음,다윤로 201롱 4호,多○路 201弄 4○,31.265608,121.476708,김성숙 등이 활동한 중국좌익작가연맹 사무실,"1930년 중국 상하이(上海)에서 중국좌익작가연맹이 조직됐다. 좌익작가연맹은 1927년 중국국민당 정부를 이끌던 장제스(蔣介石)에 의해 제1차 국공합작이 결렬되고, 중국공산당을 숙청하자 이에 반발하는 움직임 속에서 태동됐다. 1929년 겨울 중국공산당은 선돤셴(沈端先)·펑나이차오(馮乃超)·펑쉐펑(馮雪峰) 등을 상하이로 파견했다. 이들과 함께 창조사·태양사 등 진보적 문예단체의 성원들, 그리고 루쉰(魯迅) 등 진보적 작가들이 ‘좌익작가연맹’의 결성문제를 상의했다. 1930년 2월 26일, 루쉰·정보치(鄭伯奇)·장광츠(蔣光慈)·펑나이차오·펑캉(彭康)·펑쉐펑·선돤셴·러우스(柔石) 등 12인은 좌담회를 열고 좌익작가연맹 준비위원회를 구성했다. 이후 1930년 3월 2일, 상하이 중국예술대학에서 중국 좌익작가연맹의 성립을 정식으로 선언했다. 중국좌익작가연맹은 중국국민당 정부의 탄압에 저항하는 활동을 전개했다. 이와 함께 다수의 젊은 작가들을 배출했다. 작가들은 대부분 중하층의 지식청년들이었는데, 이들을 통해 문예대중화를 이루고자 하였다. 중국국민당 정부의 탄압과 당시 중국공산당의 극좌 노선으로 활동에 한계가 있었으나, 1930년대 문학의 주류를 형성했다. 1940년대 이후에는 중국문학의 중심적 작가와 비평가들이 많이 배출됐다. 중국좌익작가연맹을 이끌었던 루쉰은 상하이에 거주하던 시기에 한인 청년들과 교유하면서 밀접한 관계를 맺었고 한국의 독립과 혁명 활동을 지지했다. 1926년~1929년까지 『동아일보』 통신원으로 활동하였고 1929년~1935년까지 상하이 특파원으로 활동하였던 신언준(申○俊)은 루쉰을 비밀리에 방문하고 돌아와 『신동아』 1934년 4월호에 인터뷰 내용을 게재하기도 했다. 한국인으로는 김성숙(金星淑, 당시 金奎光으로 활동)이 중국좌익작가연맹에 회원으로 참여했다. 김성숙은 1898년 평북 철산군에서 태어났고, 1918년 경기도 봉선사에서 월초(月初) 스님 문하에서 성숙(星淑)이라는 법명을 받고 불가에 입문했다. 1919년에는 양주와 포천 등지에서 독립선언서를 배포하다 피체되었고, 출옥한 뒤에는 조선노동공제회와 무산자동맹회 활동에 참여했다. 1923년 베이징(北京)으로 망명하여 의열단에 입단하여 선전부장을 맡았다. 의열단원으로 베이징·광저우(廣東)·상하이 등 중국 관내에서 활동하던 김성숙은 1927년 장제스의 공산당 숙청을 계기로 우한(武漢)으로 피신했다. 이곳에서 동지 장지락(張志樂)과 함께 중국공산당에 가입한 것으로 보이며, 당원으로 혁명운동에 동참했다. 1930년 재차 상하이로 돌아와 두쥔훼이(杜君慧)와 함께 중국좌익작가연맹에 가입했다. 그는 창작비평위원회 소속으로 루쉰 등과 함께 문학창작 및 이론비평 활동에 참여했다. 이후 조선민족해방동맹(朝鮮民族解放同盟)의 핵심멤버로 활동했으며, 민족통일전선 구축을 위한 조선민족전선연맹 결성에 참여하여 상임이사 및 선전부장으로 활동했다. 특히 1938년 10월 10일 한커우(漢口)에서 창설된 조선의용대 대원들의 정치 및 사상교육을 담당하는 정치조장을 맡기도 했다. 1940년대에는 충칭(重慶)에 정착한 대한민국임시정부에 참여하여 ‘정부’의 국무위원 등을 맡아 민족의 독립을 위해 활동했다.",없음,없음,없음,"○ 김광재, 「재중 항일협동전선운동과 김성숙」, 『한국민족운동사연구』 13, 한국민족운동사학회, 1996. ○ 김산·님 웨일즈 지음(조우화 옮김), 『아리랑』, 동녘, 2002. ○ 운암김성숙선생기념사업회 편, 『운암 김성숙의 생애와 사상』, 선인, 2013.",Y,"김성숙, 신언준,",없음,없음,0,0,20180131160114_ecd519f100f1bfcf61e11224a1a56e6e.jpg,2 - 다륜가 중국 좌익작가연맹 창립지-현제 좌익자가 연맹 기념관으로 사용중 - 2016.10 (6)(로고추가).jpg
2-01-13-0008,상하이 한인집회장소 (삼일당 터),없음,없음,없음,2,장소,아시아,중국,상하이,八仙橋 三一堂,상해시 황포구 저해동로 262호,上海市 ○浦○ ○海○路 262○,31.230257,121.475793,상하이 한인들의 종교 활동의 공간이자 독립운동의 집회장소로 활용되었던 곳,"1910년 일제의 강제병탄을 전후로 다수의 한인들이 중국 상하이(上海)로 이주하거나 망명했다. 이주 한인들 중에는 기독교인들이 상당수 있었고, 이들은 서양 선교사들의 도움으로 보다 용이하게 현지에 안착할 수 있었다. 한인 기독교인들은 상하이 한인을 위한 별도의 예배당이 없었던 이유로 서양 선교사가 세운 교회나 중국기독교청년회 건물을 이용하여 종교 활동을 전개했다. 스촨루(四川路) 중국기독교청년회사무실이나 미국해군청년회관을 통해 종교 활동을 전개한 것이 그것이었다. 상하이 한인 기독교인들은 1919년 발표된 독립선언으로 많은 변화를 겪게 됐다. 3·1운동 직후 다수의 한인들이 망명해오면서 기독교인이 증가했다. 신도가 많아지자 함께 예배할 장소가 마땅치 않게 됐다. 이에 피치(Gorge Field Fitch)목사의 주선으로 베이징루(北京路) 18호에 위치한 ‘북경로 예배당’을 이용했다. 대한민국임시정부 수립 이후에는 교민단 사무소를 예배장소로 활용하기도 하였다. 1921년에 이르러서는 기독교인이 더욱 증가하고 교회의 규모도 커짐에 따라, 집회장소를 마련하는 것이 중요한 문제로 떠오르게 됐다. 이에 프랑스조계 ‘西新橋 三一里’에 위치한 삼일당(三一堂)을 무상으로 사용하게 됐다. 삼일당은 미국 전도국(傳道局)이 중국 기독교인을 위해 미국 감리교회에서 1879년 설립한 것으로 추정된다. 하지만 이후 교당의 기능을 상실하고 1917년에는 중국인 소학교로 활용됐다. 1921년 한인이 이곳을 교당으로 사용하기 시작했다. 같은 해 4월 부활절 주일부터 한인 기독교인들은 삼일당을 한인교회로 사용했다. 삼일당은 한인 전용예배당으로써 종교 활동이 가능하였고, 외부의 간섭도 받지 않고 주야간에도 늦게까지 집회나 모임을 가질 수 있었다. 종교 활동 이외에도 인성학교의 학예회·졸업식, 국치기념일·건국기원절(개천절)·‘3.1독립선언일’ 등의 기념행사, 국민대표회의 촉진회 연설회·국민대표회기성회 총회 등의 국민대표회의 관련 행사, 순국 추도식과 환영회 등의 다양한 집회장소로 활동됐다. 삼일당은 본당인 모이당(慕爾堂)의 신축 비용 마련을 위해 1927년 택지를 팔게 됐다. 이후 삼일당자리는 철거되어 상가건물과 주택단지로 변용됐다. 삼일당은 예배공간으로 사용되면서 동시에 교민사회의 수많은 집회와 행사를 통해서 민족정체성과 공동체의식을 확인하고 강화하는 곳으로 활용됐다. 상하이 한인들이 전용공간으로 종교 활동 뿐 아니라 공회당의 역할을 할 수 있는 장소였다.",없음,없음,없음,"○ 김명수, 『명수산문록』, 삼형문화, 1985. ○ 손과지, 『상해한인사회사(1971 - 1945)』, 한울아카데미, 2012. ○ 김광재, 「상해 국민대표회의 개최지 三一堂 위치 고증」, 『한국독립운동사 연구』 49, 한국독립운동사연구소, 2014.",Y,없음,없음,없음,0,0,20170718090750_12771dee137e5ee3b099af75e009e15a.jpg,"11 - 3.1당 국민대표 회의장소, 안창호 연설장소, 삼일당 터 (1)(로고추가).jpg"
2-01-13-0009,상하이 한인집회장소 (모이당),없음,없음,없음,2,건물,아시아,중국,상하이,漢口路 慕爾堂,상해시 황포구 서장중로 316호 목은당,上海市 ○浦○ 西藏中路 316○ 沐恩堂,31.235158,121.471018,1923년 국민대표회의를 비롯한 독립운동가들의 집회장소로 활용되었던 곳,"중국 상하이(上海)에 소재한 모이당(慕爾堂)은 1874년 미국 감리교 선교사 알렌(Young John Allen, 1836~1907)과 람부스(Walter Russell Lambuth, 1854~1921)가 설립했다. 1887년 미국감리회는 이곳의 명칭을 ‘중구감리회당(中區監理會堂)’이라고 하였는데 이후 존 무어(J. M. Moore; 중국명 慕爾)란 미국 신자가 대부분의 경비를 헌금하여 1890년 이름을 ‘모이당(慕爾堂)’으로 변경했다. 모이당은 상하이 한인들에게 집회공간으로 활용됐다. 1921년 6월 안창호(安昌浩)는 국민대표회의의 소집 문제가 대두되자 이곳에서 관계자들에게 연설을 했다. 같은 해 9월 3일에는 태평양회의외교후원회가 주최하는 강연회가 열리기도 했다. 1922년에는 흥사단 단원 김홍서의 결혼식이 이곳에서 치러졌고, 1924년 8월에는 민영인·나세웅·조상섭의 흥사단 입단식을 거행했다. 1923년 1월 30일에는 국민대표회의 정식 개막식과 서북간도·노령 등지에서 독립운동에 참가했다가 사망한 인사들을 위한 순국추도회를 거행했다. 1927년 모이당은 늘어나는 신도들을 위해 건물 서쪽에 예배당을 신축하기로 했다. 이를 위해서는 40만 원이라는 큰 비용이 필요하였다. 이에 미국 총차회의 승인을 얻어 소속 교당인 삼일당의 택지를 팔아 예산을 충당하기로 했다. 삼일당은 미국 전도국이 중국 기독교인을 위해 1879년 미국 감리교회에서 설립한 것으로 추정되는데, 1921년부터는 한인들이 수리하여 한인 전용예배당이자 집회장소로 활용하고 있던 곳이었다. 이 삼일당을 팔아 35만원을 마련하였고 나머지 금액 5만 원은 신도들의 모금으로 충당하여 1931년 모이당을 완공했다. 현재 ‘목은당(沐恩堂)’이라는 이름은 1958년 상하이지역 각 교회가 모이당에서 연합예배를 하면서 바뀌었다.",없음,없음,없음,"『독립신문』 1921년 10월 14일 「람무쓰 監督의 長逝과 葬儀」. 손과지, 『상해한인사회사(1971 - 1945)』, 한울아카데미, 2012. 김광재, 「상해 국민대표회의 개최지 삼일당 위치 고증」, 『한국독립운동사 연구』 49, 한국독립운동사연구소, 2014. 손과지, 「국민대표회의 주요 유적지의 위치 고증」, 『한국근현대사연구』 68, 한국근현대사학회, 2014.",Y,김홍서,없음,없음,0,0,20171227171208_7b4a6898b071aaaed56f65dade226987.jpg,12 - 모이당 국민대표 회의 장소 추정지 (1)(로고추가).jpg
2-01-13-0010,상하이 대한적십자회 설립지 터,없음,없음,없음,2,장소,아시아,중국,상하이,長濱路 愛仁里 39號,上海市 ○安○ 富民路 22弄 앞 공원,없음,31.223081,121.444728,대한적십자회(大韓赤十字會)가 설립된 곳,"적십자사(赤十字社)와 우리나라의 관계는 1898년 스페인의 적십자사가 의료시설 관련 자료를 대한제국에 요청하면서 시작된 것으로 보인다. 이후 대한제국은 1903년 1월 프랑스 파리의 주재공사인 민영찬(閔泳瓚)을 통해 1864년 제네바협약(Geneva Conventions, 赤十字○約)에 가입했다. 이어 1903년 7월에는 민영찬이 적십자위원으로 임명되었고, 1904년 12월 21일에는 국제적십자사에 가입했다. 국내에는 1905년 대한적십자병원과 대한적십자사가 창설됐다. 이러한 준비과정을 통해 국내에서 사업이 진행되었지만, 일제의 침략으로 1909년 7월 21일 대한적십자사는 결국 ‘일본적십자사조선본부(日本赤十字社朝鮮本部)’로 흡수되고 말았다. 대한적십자회는 1919년 7월 대한민국임시정부 지원을 목적으로 상하이 ‘長濱路 愛仁里 39號’에서 재건됐다. 대한적십자회 재건에 힘을 쏟은 것은 이희경(李喜儆)이었다. 그는 시카고대학 의과를 졸업 후 1918년 귀국했다가 12월 상하이로 망명했다. 1919년 4월 대한민국임시정부가 수립되자 대한민국 임시의정원 의원으로 활동했다. 같은 해 7월 내무총장 안창호(安昌浩) 등과 대한적십자회 조직을 위한 논의를 진행했고, 8월 29일 ‘정부’로 부터 설립을 인가받았다. 회장에 이희경, 부회장 김성겸(金聖謙), 이사에는 여운형(呂運亨)이 선출됐다. 이로써 대한적십자회는 대한민국임시정부에서 정식으로 인정을 받은 단체가 됐다. 11월 15일 안창호·이희경을 포함한 79명으로 이루어진 대한적십자회 대표들은 대한적십자회가 일본적십자회와 아무런 관계가 없음을 선언했다. 이러한 활동은 대한민국임시정부의 국제지위 획득과 연관되어 있었다. 당시 적십자사는 국제기관으로서 제네바협약에 가입한 독립된 주권국가가 설립한 적십자사만이 승인됐다. 때문에 대한적십자회는 국제적십자연맹에 가입을 통해 임시정부가 독립국가인 대한민국을 운영하고 있다는 사실을 국제사회에 알리고자 했다. 1921년 1월 이관용(李灌鎔)이 대표로 선출되어 국제적십자총회에 참석하여 독립을 청원하고 일본적십자사에 항의서를 제출하는 등 일본의 침략상을 국제사회에 알리는 대표적인 활동을 전개하였다. 이밖에도 임시정부를 국제사회에 알리는 선전활동이 꾸준하게 진행했다. 국제적십자연맹의 가입이 실현되지 않았지만, 광복 후 대한적십자사의 설립에 밑바탕이 됐다. 대한적십자회는 국제 선전활동 외에 기본적으로 간호사와 군의관을 양성하는 것을 목적으로 운영됐다. 이는 일제와 독립전쟁에 필요한 독립군을 양성하는 것과 같이 꼭 필요한 인력이었기 때문이었다. 의사는 장기계획이 필요하였지만, 간호사의 양성은 당장 착수할 만한 사업이었기에 1920년 1월 간호원양성소를 개설하여 인력 양성에 나섰다. 또한 구제활동도 전개했다. 대한적십자회 내에 조직된 구제회(救濟會)가 기독교 선교단체와 협조하여 민족이 처한 참상을 알리면서 의연금과 구제물자를 국제적으로 지원받는 데 목표를 두고 활약한 것이 바로 그것이었다. 또한 국내로 특파원을 보내 지부를 만들었고 국외에도 미국의 미주지부·하와이지부, 러시아 소왕령(小王嶺, Ussuriysk)지부 등이 조직됐다.",없음,없음,없음,"○ 김이돌, 「대한민국 임시정부의 적십자회 성립과 활동연구」, 연세대학교석사학위논문, 1981. ○ 김형석, 「한말한국인에 의한 서양의학수용」, 『국사관논총』 5, 국사편찬위원회, 1989. ○ 국사편찬위원회 편, 『대한민국임시정부자료집(관련단체Ⅰ)』 31, 2009.",Y,없음,대한적십자회,없음,0,0,20171222111235_f44a9a51bf8e70ee427fe6d10473c88b.jpg,45 - 대한적십자회 설립지-애인리 39 (1)(로고추가).jpg
CN00208,상하이 인성학교 터,없음,없음,없음,2,장소,아시아,중국,상하이,上海佛界 馬浪路 協成里 1號,상해시 황포구 합비로 464호 부근,上海市 ○浦○ 合肥路 464○ 부근,31.216687,121.470397,대한교민단에서 한인자제들의 교육을 위해 개설한 인성학교가 있었던 곳,"인성학교는 대한민국임시정부 수립 이전부터 운영됐다. 1916년 9월 1일 설립된 상하이 한인기독교소학교를 계승하여 1917년 2월 한인거류민의 자제들을 교육시키기 위한 정식 초등교육기관이 됐다. 1918년 9월 상하이 고려교민친목회라는 최초의 한인 교민단체가 조직되자 기독교소학교를 운영하던 한인교회는 학교 경영을 고려교민친목회에 넘겼다. 이때 학교 이름을 인성학교로 개칭한 것으로 보인다. 1919년 4월 대한민국임시정부가 수립되자 외곽단체인 상하이 거류민단(이후 대한교민단으로 변경)에 소속되어 의무교육 실시를 목표로 삼는 초등교육기관이 됐다. 인성학교의 교육 목표나 내용은 대한민국임시정부의 교육정책이 기반이 되었다. 대한민국임시정부는 자주독립국가 수립을 위한 교육을 방침으로 삼고 지·덕·체를 갖춘 인재양성을 중시했다. 교장과 교사는 선우혁·여운형·김태연·손정도·여운홍·안창호·이유필·조상섭·김두봉 등 주로 대한민국임시정부에서 활동하면서 교민단장과 간부를 지낸 인물들이 맡았다. 교과목은 한국어와 한국역사로 민족교육을 실시하였으며, 그 밖에도 한문·외국어 등을 교육하였고 교과서는 학교에서 직접 등사로 제본한 교본을 사용했다. 학생 수는 1916년도 개교 당시에는 4명이었지만, 점차 학급수가 늘어났고 유치원이 증설되면서 1920년대 후반에는 50~70명 정도를 유지했다. 인성학교는 1932년 4월 윤봉길 의거 이후에 일제의 탄압으로 1935년 11월 폐교됐다. 2002년 6월에 철거된 인성학교는 훙커우(虹口)지역에 있던 것으로 해방 이후에 설립된 것이다. 인성학교는 교민단 소속으로 옮겨진 후 ‘康寧里·大安里·大龍里·厚德里·友記里’ 등으로 옮기면서 학교를 운영하였으나 ‘協盛里 1號’를 제외하고는 정확한 위치를 확인하기 어렵다. 현재 인성학교 건물은 모두 철거되었고, 지하철 역사 및 커피숍으로 변모됐다.",없음,없음,없음,"○ 이명화, 『도산 안창호의 독립운동과 통일노선』, 경인문화사, 2002. ○ 김희곤, 『대한민국임시정부 연구』, 지식산업사, 2004. ○ 국사편찬위원회 편, 『대한민국임시정부자료집』 31, 2009. ○ 김광재, 「일제시기 상해 인성학교의 설립과 운영」, 『동국사학』 50, 2011.",Y,없음,대한교민단,없음,0,0,20180124150124_cd7bf26d80f8973235b4cee48b6c593f.jpg,32 - 인성학교 터 (3)(로고추가).jpg
CN00209,상하이 신채호 거주지 터,없음,없음,없음,2,장소,아시아,중국,상하이,상해시 불조계 백이로 455호,상해시 노만구 태창로 233호,上海市 ○○○ 太○路 233○,31.220685,121.47244,1919년 신채호가 상해에서 활동할 당시의 거주지,"신채호가 1919년 상해 대한민국임시정부에 참여하고 《신대한》을 발행하는 등 상해에서 머무를 때 이동녕·조성환 등과 함께 사용했던 숙소(여관)이다. 그러나 주변지역이 재개발되어 당시의 모습이 전혀 남아 있지 않고, 현재 '신무대하'로 사용 중이다.",없음,없음,없음,"&lt;일본외무성 육해군성문서 제2집 20호(한인독립운동자 신석우 윤원삼 체포에 관해 1919년 5월 16일자로 재상해 총영사가 외무대신에 보고한 요지)&gt; 『1920년 상해법신계서구도』 : 1919년~20년 제작. 『상해시행호로도록』 제2권, 1939년~40년 제작. 『상해시행호로도록』, 1947. 『회해로백년』, 상해사회과학원출판사, 2001.",Y,"신채호,이동녕,조성환,",없음,없음,0,0,20180115110154_37396052e7658c0023efd34c04844d47.jpg,CN00209-001(로고추가).jpg
CN00210,상하이 윤봉길 의거지 (윤봉길의사기념관),Site of Martyr Yun Bong-gil’s Patriotic Deed,尹奉吉義士の虹口公園義○の地,尹奉吉○士虹口公○爆炸案事○地,1,장소,아시아,중국,상하이,홍구공원,상해시 홍구구 사천북로 2288호(노신공원 내) / 上海市 虹口○ 四川北路 2288○ 魯迅公園 內,上海市 虹口○ 四川北路 2288○(○迅公○ 內),31.2685627,121.4826061,윤봉길이 의거를 결행한 상하이 훙커우공원에 세워진 기념관,"1932년 4월 29일 윤봉길은 중국 상하이(上海) 훙커우공원(虹口公園)에서 투탄의거를 결행했다. 그 결과 일왕의 생일과 승전을 축하하는 행사에 참여한 일제 군부와 정관계 인사에게 수통형 폭탄을 투척하여 7명을 처단하는 성과를 거두었다. 윤봉길의거는 침체되어 있던 대한민국임시정부의 활로를 개척했으며, 나아가 독립운동의 대환점이 됐다. 현재 훙커우공원은 루쉰공원(魯迅公園)으로 이름이 바뀌었다. 의거 현장 근처에는 루쉰(魯迅)의 동상이 세워져있다. 1994년 윤봉길의거를 기념하여 매정(梅亭)이라는 정자를 건립했고, 이곳에서 40m 떨어진 지점에 1998년 ‘윤봉길의사 의거 기념비’가 세워졌다. 이후 2009년에 현판을 ‘매정’에서 ‘매헌(梅軒)’으로 교체했고, 2015년 전시 및 동영상을 제작하여 제공하였다.","On April 29, 1932, the Korean Patriotic Corps member Yun Bong-gil assassinated seven members of the Japanese military and political leadership here on the celebration of the Japanese Emperor’s birthday and the Shanghai Incident.",1932年4月29日、韓人愛國團○員の尹奉吉が虹口公園で行われた天長節記念式及び上海事○祝賀式典○場を利用して日帝の○軍部と政○係首○部7人を○○する義○を起こした所である。,1932年4月29日○人○○○○○尹奉吉利用日帝在虹口公○○行天○○○祝○式和淞○○○祝捷大○的机○，在此地○施暗○○○，炸死七名日本○政界要○。,"국회도서관 편, 『한국민족운동사료(중국편)』, 1976. 조동걸, 『독립군의 길따라 대륙을 가다』, 지식산업사, 1995. 국사편찬위원회 편, 『대한민국임시정부자료집(한국애국단Ⅰ - Ⅲ)』 28~30, 2008. 매헌윤봉길전집편찬위원회 편, 『매헌윤봉길전집』 1~8, 매헌윤봉길의사기념사업회, 2012.",Y,"윤봉길,",없음,없음,0,0,20170719110747_474cf275192fea692a50081cd4829b53.jpg,17 - 홍구공원-매정 (27) copy(대표이미지).jpg
CN00211,상하이 독립운동가 묘 (만국공묘),International Cemetery,萬國公墓,万○公墓,1,장소,아시아,중국,상하이,없음,상해시 능원로 21호 송경령능원 / 上海市 陵○路 21○ 宋○○陵○,上海市 陵○路 21○ 宋○○陵○,31.196374,121.411587,1910~1930년대 중국 상하이에서 활동했던 한국 독립운동가들이 안장되어 있는 묘지,"상하이(上海)에서 활동하다가 타계한 한인들의 묘는 원래 ‘징안스루(靜安寺路)’에 있었다. 중국의 문화대혁명(1966~1976)과 상하이의 도시재개발사업 등으로 인해 철거된 후 한인독립운동가 등 외국인 묘 가운데 일부가 이곳으로 이전됐다. 만국공묘에는 한국인의 묘로 확인 또는 추정되는 14기의 묘가 있다. 이 가운데 노백린(盧伯麟)·박은식(朴殷植)·신규식(申圭植)·안태국(安泰國)·김인전(金仁全) 등 5기는 1993년 8월 5일에 봉환되었고, 윤현진(尹顯振)·오영선(吳永善) 2기는 1995년 6월 21일에 봉환됐다. 안태국 묘의 바로 옆에는 조상섭(趙尙燮)의 표석과 임계호 등 한국인으로 추정되는 표석이 남아 있다.",This is the cemetery of Korean independence activists active in Shanghai from the 1910-1930s.,1910~30年代上海で活用した韓人○立運動家が葬られている墓地である。,1910~1930年代曾在上海活○○的○○○立○○家安葬的墓地。,『독립신문』 1920년 4월 13일 「訃告」. 『독립신문』 1921년 10월 5일 「尹顯振氏의 逝去」. 『독립신문』 1921년 10월 28일 「金泰淵의 別世」. 『독립신문』 1922년 7월 22일 「崔世德女士 別世」. 『독립신문』 1925년 11월 11일 「前臨時大統領白巖朴殷植先生葬儀」. 『독립신문』 1926년 9월 3일 「烈士李德三의 一生」.,Y,없음,없음,없음,0,0,20171227151234_2407c9216f988e04238ec863f7092632.jpg,39 - 만국공묘 (8)(로고추가).jpg
CN00212,윤봉길 신문지 터 (상하이 일본 제1헌병분대),없음,없음,없음,2,장소,아시아,중국,상하이,상해 제1헌병분대,上海市 虹口○ 四川北路 2188○,上海市 四川北路 2135○,31.266,121.481967,윤봉길이 훙커우공원의거 직후 피체되어 신문을 받았던 장소,"1932년 4월 29일 윤봉길의 훙커우공원(虹口公園) 의거가 거행됐다. 수통형 폭탄을 투척한 뒤 윤봉길은 현장에서 해군육전대 소속 고모토 다케히코(後本武彦) 일등 병조(상사급)에게 붙잡혀 장완루(江灣路)에 있는 일본헌병대사령부로 압송되었고, 헌병대위 오이시(大石正幸)로부터 신문을 받았다. 윤봉길이 처음 신문을 받은 장소는 일본군 ‘제1헌병분대’였다. 매헌윤봉길전집편찬위원회에서 2011년 발간한 『매헌윤봉길전집』 3권에 윤봉길의 최초 신문조서가 수록되어 있다. 「상해 홍구공원에서의 폭탄투척사건 관련 상해총영사보고(1932년 5월 3일 작성)」가 그것이다. 이 자료에는 윤봉길이 “1932년 4월 29일 헌병대위 오이시에게 상해 제1헌병분대”에서 신문을 받았다는 내용이 기록되어 있다. 이를 통해 볼 때 윤봉길은 의거 직후 일본군 제1헌병분대로 피체·이송되어 신문받았다는 사실을 확인할 수 있다. 현재 ‘제1헌병분대’에 위치를 증빙할 수 있는 문헌자료는 두 가지로 나누어 볼 수있다. 첫 번째는 “강만로에 자리한 일본헌병대사령부”라는 기록이고, 두 번째는 “헌병대 본부는 신공원 제1분대로 옮기고”라는 자료이다. 『매헌윤봉길전집』 3권과 4권에 수록되어 있는 이 자료에서 ‘신공원’은 현재 루쉰공원(훙커우공원)이고, ‘강만로’는 현재 루쉰공원(당시 훙커우공원, 일본은 신공원으로 칭했다) 정문 앞의 스촨베이루(四川北路)이다. 이를 종합해 보면 현재 훙커우공원 앞 스촨베이루에 일본군 제1헌병분대가 있었으며, 훙커우의거 이후 일본헌병대사령부로 사용되었음을 알 수 있다. 이와 함께 『매헌윤봉길전집』 2권에 의거 직후 훙커우공원 “맞은편 헌병분대로 이송”됐다는 기록을 통해 볼 때 현재 루쉰공원 정문 앞의 스촨베이루에 상하이 일본헌병대 제1헌병분대가 위치해 있었던 것으로 보인다.",없음,없음,없음,"국사편찬위원회 편, 『대한민국임시정부자료집 - 한국애국단 Ⅲ(재판기록) - 』 30, 2008. 매헌윤봉길전집편찬위원회 편, 『매헌윤봉길전집』 2~4, 매헌윤봉길의사기념사업회, 2012.",Y,"윤봉길,",없음,없음,0,0,20180122130146_6acae0ce206a150fc073f93a0510dcbd.jpg,25 - 헌병대 제1분대-윤봉길이 최초체포되어 구금된장소 (1)(로고추가).jpg
CN00213,상하이 육삼정 의거 터,없음,없음,없음,2,장소,아시아,중국,상하이,무창로 육삼정,상해시 홍구구 당고로 346호,上海市 虹口區 塘沽路 346○,31.2514588,121.4864098,백정기·이강훈·원심창 등이 주중일본공사 아리요시 아키라(有吉明)를 처단하려 했던 곳,"육삼정의거는 백정기·이강훈·원심창 등이 1933년 3월 17일 중국요리점인 ‘육삼정’에서 중국정부 요인 매수를 목적으로 연회를 개최한 주중일본공사 아리요시 아키라(有吉明)를 처단하려 한 사건이었다. 1933년 3월 원심창은 일본 육군대신 아라키 사다오(荒木貞夫)를 중심으로 주중공사 아리요시에게 2천만 불이란 거액을 주어 러허성(熱河省)을 근거로 반만항일유격전을 전개하고 있는 의용군과 독립군을 탄압하려는 정보를 입수했다. 또한 아리요시가 국민정부 내 고급 장성(將星)을 매수하고자 상하이 공동조계에 있는 육삼정(六三亭)이란 고급 요리점에서 모임을 갖는다는 것도 알아냈다. 육삼정의거를 주도한 백정기와 이강훈 등은 1930년 유기석·장도선 등 아나키스트들이 적 기관 파괴 및 요인 처단 등을 목표로 조직한 단체 남화한인청년연맹에 참여하여 활동했었다. 이후 이들은 한중일(韓中日) 아나키스트들의 공동전선 조직인 항일구국연맹에 가입하여 의열투쟁을 전개했다. 1931년 결성된 항일구국연맹은 남화한인청년연맹의 이회영·백정기 등 7명과 중국측 왕야차오(王亞樵)와 화쥔스(華均實) 등 7명, 일본측 사노 이치로(佐野一郞)등이 모여 결성한 단체였다. 1933년 3월 5일 아리요시가 상하이 공동조계에 방문한다는 정보를 토대로 항일구국연맹 인사 정화암·원심창·엄순봉·이강훈·이달·박기성·정해리·야타베(失田夫) 등은 대책을 마련하기 위한 회의를 열었다. 그 결과 백정기·이강훈·원심창 등이 중심이 되어 아리요시 등을 처단하기로 결정했다. 육삼정의거에 사용할 폭탄은 윤봉길이 훙커우공원(虹口公園)의거 당시 사용한 것과 동일한 것으로 훙커우공원의거 이후 김구가 상하이를 떠나 자싱(嘉興)으로 이동할 때 오면직에게 맡긴 것이었다. 이와 함께 중국인 왕야차오와 화쥔스가 마련한 권총 2자루와 탄환 20발, 그리고 수류탄 1개도 받았다. 1933년 3월 9일 아리요시의 모임장소가 훙커우 소재 요리점 육삼정인 것과 차량의 번호가 4684와 6743인 것이라는 정보를 입수했다. 3월 12일 원심창과 야타베가 현장을 답사하였고, 13일 밤 백정기와 이강훈이 거사현장이 될 곳을 돌아본 후 구체적인 계획을 세웠다. 계획은 육삼정에서 나와서 아라요시가 전용차를 타는 순간 폭탄을 던지기로 하여 이강훈이 먼저 도시락형 폭탄을 던져 경호원부터 처리하고 다음 백정기가 수류탄을 던지는 것이었다. 저항이 있을 경우 각자가 휴대한 권총을 가지고 대응하며 도주하고 집결 지점에서 만나 탈주하고 남은 동지들과 연락하기로 했다. 또한 대기 장소는 육삼정에서 약 200m 떨어진 우창로(武昌路) 소재 중국 요리점 송강춘으로 정했다. 그러나 의거 계획이 사전에 누설되어 송강춘에서 백정기와 이강훈이 붙잡혔고 원심창은 망을 보다가 함께 일제 경찰에게 피체됐다. 백정기와 원심창은 나가사키법원에서 무기징역을 받았고, 이강훈은 징역 15년 형을 받았다. 이강훈과 원심창은 광복 후 석방되었으나 백정기는 1934년 6월 5일 39세로 옥중에서 순국하여 광복 후 윤봉길·이봉창 의사와 함께 1946년 국내로 봉환하여 효창공원에 안장됐다.",없음,없음,없음,"○ 독립운동사편찬위원회 편, 『독립운동사』 7, 국가보훈처, 1976. ○ 독립운동사편찬위원회 편, 『독립운동사자료집』 11, 국가보훈처, 1976. ○ 김학준, 『혁명가들의 항일 회상』, 민음사, 2005. ○ 조광해, 『구파 백정기』, 구파백정기의사기념사업회, 2009",Y,"백정기,이강훈,원심창,","남화한인청년연맹,",없음,0,0,20180122090119_bbdd7f0c9f81fc5e6749e87135f6066b.jpg,27 - 육삼정 의거지 터(백정기의사 관련) (1)(로고추가).jpg
CN00214,상하이 황포탄 의거지,없음,없음,없음,2,장소,아시아,중국,상하이,없음,상해시 외탄공원,上海市 外○公○,31.240309,121.49052,1922년 의열단원 오성륜과 김익상이 일본육군대장 다나카 기이치(田中義一)를 처단하기 위해 의거를 결행했던 곳,"의열단원 김익상과 오성륜이 1922년 3월 28일 필리핀에서 일본으로 귀환 도중 상ㅎ이에 도착한 일본 육군대장 다나카를 저격한 의거 현장이다. 오성륜이 먼저 권총을 발사하였으나 불행히 다나카의 뒤에 있던 영국 부인이 총을 맞고 절명하였고, 뒤이어 김익상이 폭탄을 던졌으나 불발로 끝났다. 다나카는 곧바로 피신하였다. 김익상과 오성륜은 현장에서 체포되어 상하이 일본총영사관 경찰서로 신병이 인도되어 조사를 받았다. 조사 중에 오성륜은 1922년 5월 2일 탈출에 성공하였으나, 김익상은 일본 나가사키 재판소에서 사형을 선고받았다. 이후 몇 차례의 감형을 받아 20년을 복역하였다. 이들이 다나카를 처단하려고 했던 곳은 현재 상하이시 외탄공원의 북단으로 추정되며 그 건너편은 중국 개혁·개방의 상징인 포동지구가 자리하고 있다.",없음,없음,없음,"국회도서관 편, 『한국민족운동사료』(중국편), 1976. 대한매일 특별취재반, 『해외 항일전적지를 찾아서』, 동방미디어, 2001.",Y,"오성륜,김익상,","의열단,",없음,0,0,20180213110255_d33e49420a167fb018d296a3e7a6c17c.jpg,CN00214-001(로고추가).jpg
CN00215,상하이 한국대일전선통일동맹결성 회의 개최지,없음,없음,없음,2,장소,아시아,중국,상하이,민국로 소동간 동방여사,상해시 인민로 40호 갑을 근검여사,上海市 人民路 40○ 甲乙勤○旅社,31.226062,121.495246,1932년 10월 5개의 독립운동 단체가 모여 한국대일전선통일동맹 결성을 협의했던 곳,"1931년 9월 일제가 일으킨 만주사변과 이듬해 3월의 만주국 수립, 1932년 1월의 상해사변이 연달아 터지자, 중국 관내지역의 독립운동진영은 일제의 중국대륙침략에 대응할 수 있는 강력한 항일전선체의 결성을 모색하였다. 그 결과가 1932년 11월의 '한국대일전선통일동맹'의 결성이었다. 1932년 10월 한국독립당의 이유필·송병조·김두봉, 조선혁명당의 최동오, 한국혁명당의 윤기섭·신익희, 의열단의 한일래·박건웅, 한국광복동지회의 김규식 등이 동방여사에 모여 관내지역 단체연합주비회를 개최하였고, 이를 토대로 1932년 11월 한국대일전선통일동맹을 결성하였다. 한국대일전선통일동맹은 1935년 7월 민족혁명당으로 발전하였다. 한국대일전선통일동맹 회의가 개최된 곳의 주소는 1992년 6월 인민로 50호였으나, 2002년 1월 조사 시에는 인민로 40호 갑을로 바뀌었고 여전히 숙박장소로 사용되고 있다.",없음,없음,없음,"조범래, ○상해 한국독립당의 조직변천과 활동에 대하여○, 《한국독립운동사연구》3, 1989. 조동걸, 『독립군의 길따라 대륙을 가다』, 지식산업사, 1995. 국회도서관 편, 『한국민족운동사료』(중국편), 1976. 김정명 편, 『조선독립운동』 2, 원서방, 1967.",Y,없음,없음,없음,0,0,20170322110325_7396355a6fa28a9a2f529ab14ef34cd7.jpg,CN00215-001.jpg
CN00216,상하이 대한민국임시정부 요인 거주지 (영경방),없음,없음,없음,2,장소,아시아,중국,상하이,영경방 10호 / 貝勒路 永慶坊 10號,상해시 황파남로 350롱 일대 / 上海市 ○浦○ ○陂南路 349○ 일대,上海市 ○陂南路 350弄 一○,31.2207303,121.4754143,1922년부터 1926년까지 김구가족이 생활했던 곳,"김구는 조국과 민족의 독립을 위해 일생을 바친 인물이었다. 그는 1876년 황해도 해주에서 김순영과 현풍 곽씨 사이 장자로 태어났다. 1893년 동학을 접한 뒤 황해도 팔봉접주(八峯接主)로 동학농민혁명에 참가했다. 이후 1895년 안태훈에게 몸을 의탁했고, 유학자 고능선을 만나 가르침을 받았다. 1896년 치하포(○河浦) 객주에서 일본군 육군중위 쓰치다 조스케(土田讓亮)를 처단하고 감옥에 투옥되어 사형 선고를 언도받았다. 1898년 인천감옥에서 탈옥하여 공주 마곡사로 들어가 승려가 됐다. 1900년 환속한 뒤 강화도에서 신교육 운동을 전개했고, 이 시기 이름을 김구(金龜)로 고쳤다. 1905년 일제에 의해 을사늑약이 체결되자 서울에서 전덕기·이동녕 등과 함께 을사늑약 반대를 요구하는 상소를 올렸다. 이후 서명의숙과 양산학교 등에서 교육운동을 전개했다. 1910년에는 신민회 회원들과 함께 만주에 독립운동기지를 건설하기로 결의했고, 다음해 안악사건으로 피체되어 가혹한 고문을 당하고 15년 형을 선고받았다. 1919년 3월 한민족의 독립이 선언되자 일제의 감시망을 뚫고 중국 상하이(上海)로 망명했다. 그해 4월 상하이에서 독립운동의 지도기관 대한민국임시정부가 수립되자 경무국장에 임명됐다. 이후 김구는 ‘정부’의 내무총장과 내각수반인 국무령, 그리고 한국독립당을 창립하는 등 대한민국임시정부를 유지·옹호하는데 앞장섰다. 1940년 대한민국임시정부의 주석으로 한국광복군 창설을 주도했고, 1941년에는 「대한민국임시정부대일선전성명서」를 발표하여 일제에 선전포고를 했다. 이후 해방 된 조국에서 자주적이고 통일적인 국가를 수립하기 위한 노력을 전개하다 1949년 6월 26일 안두희에게 암살당했다. 김구는 1922년부터 1926년까지 상해 프랑스조계 ‘貝勒路 永慶坊 10號’에 거주했다. 영경방 10호는 김가진의 아들 김의한과 정정화 부부가 거주했던 곳이었다. 1922년 7월 김가진이 상하이에서 타계하고 정정화가 서울에 머물게 되면서, 김의한은 최중호와 김구 가족에게 이 집을 넘겼다. 1층은 최중호가 사용했고 김구 일가는 2층에 거주했다. 최중호는 김구가 교장으로 재직하였던 황해도 안악의 양산학교에서 수학한 독립운동가였다. 김구는 모친 곽낙원, 아내 최준례, 그리고 두 아들 인(仁), 신(信)과 이곳에 거주했다. 최준례는 이 집에서 둘째 아들 김신(金信)을 출산한 후 낙상사고로 늑막염이 발병했고, 결국 폐병으로 악화되어 1924년 타계했다. 1925년 나석주가 아내를 잃은 김구를 위해 본인의 의복을 저당 잡혀 생일상을 차린 곳도 이곳이었다. 김구는 이것이 죄스러워 죽는 날까지 생일을 지내지 않기로 하고 『백범일지』를 쓸 때 일부러 자신의 생일 날짜를 적지 않았다고 한다. 이후 모친 곽낙원은 김신을 데리고 국내로 들어갔고, 김구는 첫째 김인을 데리고 뤼반루(呂班路) 단층집을 세내어 임시정부 요인들과 함께 살았다.",없음,없음,없음,"『독립신문』 1922년 11월 18일 「最近의 政府狀○」. 김구(도진순 주해), 『백범일지』 , 돌베개, 2005. 김자동, 『임시정부의 품 안에서』, 푸른역사, 2014. 한시준, 『민족과 국가를 위해 살다 간 지도자 김구』, 한국독립운동사연구소, 2015.",Y,"김구,",없음,없음,0,0,20171213111244_c085632accea849305bdb8957d6dc059.jpg,07 - 김구가족 거주지 일대-영경방 일대 (1)(로고추가).jpg
CN00218,상하이 《신대한》 발행지 터,없음,없음,없음,2,장소,아시아,중국,상하이,상해시 불조계 보강리 54호,상해시 황포구 회해중로 333호,上海市 ○浦○ 淮海中路 333○,31.2230234,121.474482,신채호가 상하이에서 국한문 주간인《신대한》을 발행했던 곳,"단재 신채호(1880~1936)는 한말과 일본 강점기 때의 대표적인 언론인이자 사상가, 독립운동가로서 근대사학을 정립한 민족주의 사학자이다. 1919년 4월 대한민국임시정부 수립에 참여하였고, 이후 1920년 4월경까지 상하이에 머물렀다. 이 기간에 국한문 주간신문인 《신대한》의 주필로 활동하며 무장독립운동노선을 추구하였다. 이후 1920년 4월경 《신대한》의 발행이 중단되자, 베이징으로 돌아가 만주지역의 무장독립운동 단체와 연계하는 등의 노력을 전개하였다. 《신대한》 발행지 주변은 재개발되어 당시의 흔적을 전혀 찾아볼 수 없다.",없음,없음,없음,"&lt;일본외무성 육해군성문서 제2집 51호(대한민국임시정부의 제 기관에 관해 1920년 6월 조선총독부 경무국장이 외무차관에 통보한 요지)&gt; 『1920년 상해법신계서구도』 : 1919년~ 20년 제작. 『상해시행호로도록』 제2권 : 1939년~40년 제작. 『상해시행호로도록(SHANGHAI STREET DIRECTORY)』 : 1947년 제작. 상해 사회과학원, 『회해로 백년』, 상해 사회과학원 출판사, 2001년. 독립기념관, 『국외독립운동사적지 실태조사보고서』 Ⅶ, 한국독립운동사연구소, 2007.",Y,"신채호,",없음,없음,0,0,20170717170715_b19b99af25137ce34f9c2d498ca86c16.jpg,"09 - 보강리 김시문, 이유필, 김붕준 거주지 (1)(로고추가).jpg"
CN00220,상하이 한국노병회 결성지 터,없음,없음,없음,2,장소,아시아,중국,상하이,맥새이체라로 24호,상해시 흥안로 24호,上海市 ○安路 24○,31.222563,121.475299,1922년 김구 등이 군인양성을 위해 조직했던 한국노병회의 결성지이자 창립총회 개최지,"한국노병회는 1922년 10월 28일 맥새이체라로 24호 조상섭의 집에서 김구·김인전 등 7명이 모여 무장독립투쟁을 위한 군인양성 및 전비조성을 목적으로 결성되었다. 한국노병회가 있던 맥새이체라로는 현재 흥안로로 도로명이 변경되었고, 창립장소였던 24호는 철거되고 대신에 ‘홍콩백화점’(Hong Kong Plaza) 건물이 들어서 있다.",없음,없음,없음,"독립기념관 소장자료(자료번호 5-681), 『한국노병회 회헌 부회칙급취지서』. 김희곤, 『중국 관내 한국독립운동단체 연구』, 지식산업사, 1995. 김정명 편, 『조선독립운동』 2, 원서방 1967.",Y,"김구,김인전,","한국노병회,",없음,0,0,20170322110358_cf3775d36ffdd52c5ca83e6f911f7382.jpg,CN00220-001.jpg
CN00221,상하이 윤봉길 의거 협의지 (사해다관),없음,없음,없음,2,장소,아시아,중국,상하이,없음,상해시 흥업로 169·171호,上海市 ○○路 169·171○,31.2197293,121.4743899,윤봉길이 홍커우공원 의거 직전에 김구와 거사를 협의했던 흥륭다원 자리,윤봉길(尹奉吉)이 김구(金九)와 함께 1932년 4월 29일의 홍커우공원(虹口公園) 의거를 밀의한 장소이다. 이곳은 이후 2000년 11월까지 상청식품상점(常靑食品商店)으로 최근에는 우성홍목조제상점(友盛紅木調製商店)으로 사용되고 있다.,없음,없음,없음,"윤병석, 『한국독립운동의 해외사적 탐방기』, 지식산업사, 1995. 《대한매일》2000년 11월 8일자, ○해외 항일전적지를 찾아서 14 - 윤봉길의사 폭탄 던진 곳엔 '매정' 의젓이○.",Y,없음,없음,없음,0,0,20170721110747_e688922428ae4593e391637e423cfe3c.jpg,CN00221-001.jpg
